person_id,name,country,city,region,hourly_rate,job_success,total_hours,total_earned,jobs_completed,description,skills
2007291203641761302,Talib  H.,Pakistan,Rajanpur,Asia,5.0,1.0,111.0,4277.08,1,"Professional Video Editor | YouTube, Cash Cow, Documentary & Short-Form Videos

I’m a professional video editor with 3+ years of experience, helping creators, brands, and businesses turn raw footage into high-quality, engaging videos that retain viewers and grow channels.

I specialize in:

YouTube Cash Cow videos
Documentary & commentary style videos
Short-form content (Reels, Shorts, TikTok)
Talking-head & faceless videos
Social media edits & promos

 Tools I Use

Adobe Premiere Pro
After Effects
Motion graphics & smooth transitions
Sound design & color correction

 What You Can Expect:

Fast turnaround & clear communication
Clean, professional, and engaging edits
Attention to detail (hooks, pacing, retention)
Unlimited revisions until you’re satisfied

I’ve worked with international clients, edited hundreds of videos, and consistently deliver on time with quality. Whether you’re starting a channel or scaling one, I can help bring your vision to life.

 Let’s work together,  send me a message and let’s get started.
","Video Editing, Video Editing & Production, Video Editing Plugin, Video Editing Software, AVS Video Editor, 360-Degree Video Editing, YouTube Automation, Instagram Reels, Video Animation, Video Production, Short Video"
2007291203641761302,Talib  H.,Pakistan,Rajanpur,Asia,5.0,1.0,111.0,4277.08,1,"Professional Video Editor | YouTube, Cash Cow, Documentary & Short-Form Videos

I’m a professional video editor with 3+ years of experience, helping creators, brands, and businesses turn raw footage into high-quality, engaging videos that retain viewers and grow channels.

I specialize in:

YouTube Cash Cow videos
Documentary & commentary style videos
Short-form content (Reels, Shorts, TikTok)
Talking-head & faceless videos
Social media edits & promos

 Tools I Use

Adobe Premiere Pro
After Effects
Motion graphics & smooth transitions
Sound design & color correction

 What You Can Expect:

Fast turnaround & clear communication
Clean, professional, and engaging edits
Attention to detail (hooks, pacing, retention)
Unlimited revisions until you’re satisfied

I’ve worked with international clients, edited hundreds of videos, and consistently deliver on time with quality. Whether you’re starting a channel or scaling one, I can help bring your vision to life.

 Let’s work together,  send me a message and let’s get started.
","Video Editing, Video Editing & Production, Video Editing Plugin, Video Editing Software, AVS Video Editor, 360-Degree Video Editing, YouTube Automation, Instagram Reels, Video Animation, Video Production, Short Video"
1905292273197765725,Giang P.,Vietnam,Bac Giang,Asia,10.0,0.9531,412.333333,51162.49,21,"Hi, I’m Giang, a video editor focused on YouTube, documentaries, interviews, and storytelling content.

I help turn raw footage into videos that feel clean, engaging, and easy to follow. My focus is on good pacing, strong storytelling, natural cuts, and visuals that support the story rather than distract from it.

I mainly work on:

YouTube & Faceless Videos
Documentary & Storytelling Content
Interviews & Podcasts
Social Media Videos & Shorts

What I can help with:

Video editing & storytelling
Footage selection and pacing
B-roll & visual storytelling
Motion graphics and titles
Audio cleanup & mixing
Color correction & grading
Captions and subtitles

Tools I use:
Adobe Premiere Pro · After Effects · DaVinci Resolve · Photoshop · CapCut

I’m detail-oriented, reliable with deadlines, and comfortable following a specific editing style or reference. I also communicate quickly and make sure the final video matches the creator’s vision.

If you have footage, a script, or a reference video, send it over and let’s get started.","Video Editing, 2D Animation, Video Post-Editing, Film & Video, Video Color Correction, Video Editing Software, Video Animation, AVS Video Editor, Video Advertising, Video Editing & Production, YouTube, Film Editing, Video Intro & Outro, Adobe Creative Cloud, Promotional Video, Motion Design, Facebook, YouTube Shorts, YouTube Thumbnail, Instagram"
1905292273197765725,Giang P.,Vietnam,Bac Giang,Asia,10.0,0.9531,412.333333,51162.49,21,"Hi, I’m Giang, a video editor focused on YouTube, documentaries, interviews, and storytelling content.

I help turn raw footage into videos that feel clean, engaging, and easy to follow. My focus is on good pacing, strong storytelling, natural cuts, and visuals that support the story rather than distract from it.

I mainly work on:

YouTube & Faceless Videos
Documentary & Storytelling Content
Interviews & Podcasts
Social Media Videos & Shorts

What I can help with:

Video editing & storytelling
Footage selection and pacing
B-roll & visual storytelling
Motion graphics and titles
Audio cleanup & mixing
Color correction & grading
Captions and subtitles

Tools I use:
Adobe Premiere Pro · After Effects · DaVinci Resolve · Photoshop · CapCut

I’m detail-oriented, reliable with deadlines, and comfortable following a specific editing style or reference. I also communicate quickly and make sure the final video matches the creator’s vision.

If you have footage, a script, or a reference video, send it over and let’s get started.","Video Editing, 2D Animation, Video Post-Editing, Film & Video, Video Color Correction, Video Editing Software, Video Animation, AVS Video Editor, Video Advertising, Video Editing & Production, YouTube, Film Editing, Video Intro & Outro, Adobe Creative Cloud, Promotional Video, Motion Design, Facebook, YouTube Shorts, YouTube Thumbnail, Instagram"
1613930401572122624,Shaharuk J.,Bangladesh,Bogra,Asia,5.0,0.9557,1709.833329,35261.97,19,"If viewers click away in the very first seconds, the algorithm stops pushing your video, and every hour you spent filming is wasted. That is the problem I solve as your video editor, and it is the reason clients keep returning to the same video editor year after year.

𝐆𝐢𝐯𝐞 𝐦𝐞 𝐲𝐨𝐮𝐫 𝐫𝐚𝐰 𝐟𝐨𝐨𝐭𝐚𝐠𝐞 𝐚𝐧𝐝 𝐈'𝐥𝐥 𝐭𝐮𝐫𝐧 𝐢𝐭 𝐢𝐧𝐭𝐨 𝐚 𝐯𝐢𝐝𝐞𝐨 𝐲𝐨𝐮𝐫 𝐚𝐮𝐝𝐢𝐞𝐧𝐜𝐞 𝐰𝐚𝐧𝐭𝐬 𝐭𝐨 𝐤𝐞𝐞𝐩 𝐰𝐚𝐭𝐜𝐡𝐢𝐧𝐠. 𝐓𝐡𝐚𝐭 𝐢𝐬 𝐦𝐲 𝐩𝐫𝐨𝐦𝐢𝐬𝐞 𝐚𝐬 𝐲𝐨𝐮𝐫 𝐯𝐢𝐝𝐞𝐨 𝐞𝐝𝐢𝐭𝐨𝐫.

I am a professional Video Editor who creates high-quality videos for creators, businesses, and brands. As an experienced YouTube Video Editor, I transform raw footage into polished videos that improve audience retention, increase engagement, and help channels grow. Every Video Editor should understand storytelling, and every YouTube Video Editor should know how to keep viewers interested from the first second to the last.

Whether you need a YouTube Video Editor for your channel or a Video Editor for your business, I deliver videos that match your brand, style, and goals. My experience as a Video Editor allows me to work on many different types of projects, from YouTube content and social media videos to corporate presentations, commercial advertisements, documentaries, podcasts, real estate videos, wedding films, promotional videos, and cinematic editing projects.

I have experience in:

🎬 YouTube Video Editing for creators and growing channels

🎬 Short-form Video Editing for Reels, TikTok, Facebook Reels, and YouTube Shorts

🎬 Long-form YouTube Video Editing with strong pacing and audience retention

🎬 Cinematic Editing for commercials, travel videos, and brand stories

🎬 Corporate Video Editing for companies and businesses

🎬 Real Estate Video Editing with smooth camera movement and cinematic color grading

🎬 Wedding Video Editing with emotional storytelling

🎬 Podcast Editing with engaging highlight clips

🎬 Documentary Video Editing with clean storytelling

🎬 Talking head videos for coaches, educators, and business owners

🎬 Promotional and marketing videos for brands

🎬 AI-assisted video editing workflows for faster production

As an experienced Video Editor, I know Video Editing is much more than cutting clips together. A great YouTube Video Editor understands timing, pacing, emotion, structure, and audience psychology. Every successful Video Editor focuses on creating videos that people enjoy watching until the very end while keeping the content clean, engaging, and professional.

My Video Editing process includes:

✨ Clean editing with smooth transitions

✨ Motion Graphics that improve viewer engagement

✨ Professional subtitles and captions

✨ Color Correction and Color Grading for a polished look

✨ Audio cleanup, balancing, and noise reduction

✨ Sound effects and background music

✨ B-roll selection and placement

✨ Zooms, speed ramps, and visual effects

✨ Cinematic Editing techniques for a premium look

✨ Export settings optimized for YouTube and social media

WHY CHOOSE ME AS YOUR VIDEO EDITOR

✅ Professional Video Editor with experience across many industries

✅ Dedicated YouTube Video Editor focused on audience retention

✅ Creative Video Editor who understands modern editing styles

✅ Reliable Video Editor who delivers projects on time

✅ Skilled YouTube Video Editor with clear communication

✅ Detail-focused Video Editor who values quality

✅ Creative problem solver who adapts to your editing style

✅ Professional Video Editing for creators, businesses, startups, and brands

TOOLS I USE

• Adobe Premiere Pro

• DaVinci Resolve

• Final Cut Pro

• Adobe After Effects

• Adobe Photoshop

Every Video Editor should focus on quality, creativity, consistency, and communication. As a trusted Video Editor, I make sure every project is polished, engaging, and delivered on time. My experience as a YouTube Video Editor allows me to create videos that connect with viewers, improve watch time, and help businesses and creators reach their goals.

Whether you need YouTube Video Editing, Short Form Video Editing, Long Form Video Editing, Corporate Video Editing, Commercial Video Editing, Documentary Editing, Wedding Video Editing, Podcast Editing, Real Estate Video Editing, Social Media Video Editing, or Cinematic Editing, I am ready to help.

If you are looking for a dependable Video Editor, I would love to work with you. If you need a professional YouTube Video Editor who understands modern editing, audience retention, and high-quality production, I am ready to bring your vision to life.

Send your footage to a Video Editor you can trust and work with a dedicated YouTube Video Editor who is committed to delivering professional results on every project.

Thank you.
","Video Editing, Adobe Premiere Pro, DaVinci Resolve, Final Cut Pro, Instagram Reels, Color Grading, Travel Video, YouTube Video, Adobe After Effects, TikTok Video, Wedding Video, Family & Travel Video, Video Sales Letter, Cinematic Video, Real Estate Video, Video Editing Software, Social Media Video, Short Video, AVS Video Editor, Short Video Ad"
1613930401572122624,Shaharuk J.,Bangladesh,Bogra,Asia,5.0,0.9557,1709.833329,35261.97,19,"If viewers click away in the very first seconds, the algorithm stops pushing your video, and every hour you spent filming is wasted. That is the problem I solve as your video editor, and it is the reason clients keep returning to the same video editor year after year.

𝐆𝐢𝐯𝐞 𝐦𝐞 𝐲𝐨𝐮𝐫 𝐫𝐚𝐰 𝐟𝐨𝐨𝐭𝐚𝐠𝐞 𝐚𝐧𝐝 𝐈'𝐥𝐥 𝐭𝐮𝐫𝐧 𝐢𝐭 𝐢𝐧𝐭𝐨 𝐚 𝐯𝐢𝐝𝐞𝐨 𝐲𝐨𝐮𝐫 𝐚𝐮𝐝𝐢𝐞𝐧𝐜𝐞 𝐰𝐚𝐧𝐭𝐬 𝐭𝐨 𝐤𝐞𝐞𝐩 𝐰𝐚𝐭𝐜𝐡𝐢𝐧𝐠. 𝐓𝐡𝐚𝐭 𝐢𝐬 𝐦𝐲 𝐩𝐫𝐨𝐦𝐢𝐬𝐞 𝐚𝐬 𝐲𝐨𝐮𝐫 𝐯𝐢𝐝𝐞𝐨 𝐞𝐝𝐢𝐭𝐨𝐫.

I am a professional Video Editor who creates high-quality videos for creators, businesses, and brands. As an experienced YouTube Video Editor, I transform raw footage into polished videos that improve audience retention, increase engagement, and help channels grow. Every Video Editor should understand storytelling, and every YouTube Video Editor should know how to keep viewers interested from the first second to the last.

Whether you need a YouTube Video Editor for your channel or a Video Editor for your business, I deliver videos that match your brand, style, and goals. My experience as a Video Editor allows me to work on many different types of projects, from YouTube content and social media videos to corporate presentations, commercial advertisements, documentaries, podcasts, real estate videos, wedding films, promotional videos, and cinematic editing projects.

I have experience in:

🎬 YouTube Video Editing for creators and growing channels

🎬 Short-form Video Editing for Reels, TikTok, Facebook Reels, and YouTube Shorts

🎬 Long-form YouTube Video Editing with strong pacing and audience retention

🎬 Cinematic Editing for commercials, travel videos, and brand stories

🎬 Corporate Video Editing for companies and businesses

🎬 Real Estate Video Editing with smooth camera movement and cinematic color grading

🎬 Wedding Video Editing with emotional storytelling

🎬 Podcast Editing with engaging highlight clips

🎬 Documentary Video Editing with clean storytelling

🎬 Talking head videos for coaches, educators, and business owners

🎬 Promotional and marketing videos for brands

🎬 AI-assisted video editing workflows for faster production

As an experienced Video Editor, I know Video Editing is much more than cutting clips together. A great YouTube Video Editor understands timing, pacing, emotion, structure, and audience psychology. Every successful Video Editor focuses on creating videos that people enjoy watching until the very end while keeping the content clean, engaging, and professional.

My Video Editing process includes:

✨ Clean editing with smooth transitions

✨ Motion Graphics that improve viewer engagement

✨ Professional subtitles and captions

✨ Color Correction and Color Grading for a polished look

✨ Audio cleanup, balancing, and noise reduction

✨ Sound effects and background music

✨ B-roll selection and placement

✨ Zooms, speed ramps, and visual effects

✨ Cinematic Editing techniques for a premium look

✨ Export settings optimized for YouTube and social media

WHY CHOOSE ME AS YOUR VIDEO EDITOR

✅ Professional Video Editor with experience across many industries

✅ Dedicated YouTube Video Editor focused on audience retention

✅ Creative Video Editor who understands modern editing styles

✅ Reliable Video Editor who delivers projects on time

✅ Skilled YouTube Video Editor with clear communication

✅ Detail-focused Video Editor who values quality

✅ Creative problem solver who adapts to your editing style

✅ Professional Video Editing for creators, businesses, startups, and brands

TOOLS I USE

• Adobe Premiere Pro

• DaVinci Resolve

• Final Cut Pro

• Adobe After Effects

• Adobe Photoshop

Every Video Editor should focus on quality, creativity, consistency, and communication. As a trusted Video Editor, I make sure every project is polished, engaging, and delivered on time. My experience as a YouTube Video Editor allows me to create videos that connect with viewers, improve watch time, and help businesses and creators reach their goals.

Whether you need YouTube Video Editing, Short Form Video Editing, Long Form Video Editing, Corporate Video Editing, Commercial Video Editing, Documentary Editing, Wedding Video Editing, Podcast Editing, Real Estate Video Editing, Social Media Video Editing, or Cinematic Editing, I am ready to help.

If you are looking for a dependable Video Editor, I would love to work with you. If you need a professional YouTube Video Editor who understands modern editing, audience retention, and high-quality production, I am ready to bring your vision to life.

Send your footage to a Video Editor you can trust and work with a dedicated YouTube Video Editor who is committed to delivering professional results on every project.

Thank you.
","Video Editing, Adobe Premiere Pro, DaVinci Resolve, Final Cut Pro, Instagram Reels, Color Grading, Travel Video, YouTube Video, Adobe After Effects, TikTok Video, Wedding Video, Family & Travel Video, Video Sales Letter, Cinematic Video, Real Estate Video, Video Editing Software, Social Media Video, Short Video, AVS Video Editor, Short Video Ad"
1874695137280296249,Luong Tan D.,Vietnam,Tien Giang,Asia,15.0,0.9621,581.499998,30855.0,3,"👋 Hello!


My name is Duy, and I'm from Tien Giang, Vietnam. My team and I have over 6 years of experience editing short-form and talking-head video for businesses ranging from startups to eight-figure brands and creators with 150,000+ followers. Across 160+ projects, we've specialized in retention-focused edits — fast cuts, engaging subtitles, B-roll, and motion graphics — built to stop the scroll and drive watch time. In 2025 alone, our edits generated over 5 million views across TikTok, Instagram Reels, YouTube, Facebook, and LinkedIn.


What sets us apart is that we don't just make videos look good — we edit for performance. Every cut, caption, and sound choice is made to keep viewers watching longer, because retention is what actually moves views, leads, and sales. We've worked alongside brands running paid campaigns, so we understand how an edit needs to perform, not just please.


🎯 What I can help you with:
High-retention video editing (YouTube, Shorts, Reels)
Motion graphics & visual storytelling
Clean, professional color grading
Audio polish & sound design
Simple to advanced visual effects


🧰 Tools I use daily:
Adobe Premiere Pro
After Effects
DaVinci Resolve
Photoshop


📌 Content I work with:
Faceless videos
Short-form content
Social media ads
Talking head videos
Documentary-style edits
Celebrity/storytelling content


💡 Not sure if we're a fit? Send a raw clip for a free 30-sec High-Retention demo. Results first, contract later.


Let's create something that actually performs.


— Duy Luong","Video Editing, Social Media Marketing, Motion Graphics, 2D Animation, Video Post-Editing, Video Color Correction, Video Editing Software, Video Animation, AVS Video Editor, Video Advertising, YouTube, Film Editing, Video Intro & Outro, Promotional Video, Video Editing Plugin, Video Editing & Production, 360-Degree Video Editing, Adobe Premiere Pro, Adobe After Effects, DaVinci Resolve"
1874695137280296249,Luong Tan D.,Vietnam,Tien Giang,Asia,15.0,0.9621,581.499998,30855.0,3,"👋 Hello!


My name is Duy, and I'm from Tien Giang, Vietnam. My team and I have over 6 years of experience editing short-form and talking-head video for businesses ranging from startups to eight-figure brands and creators with 150,000+ followers. Across 160+ projects, we've specialized in retention-focused edits — fast cuts, engaging subtitles, B-roll, and motion graphics — built to stop the scroll and drive watch time. In 2025 alone, our edits generated over 5 million views across TikTok, Instagram Reels, YouTube, Facebook, and LinkedIn.


What sets us apart is that we don't just make videos look good — we edit for performance. Every cut, caption, and sound choice is made to keep viewers watching longer, because retention is what actually moves views, leads, and sales. We've worked alongside brands running paid campaigns, so we understand how an edit needs to perform, not just please.


🎯 What I can help you with:
High-retention video editing (YouTube, Shorts, Reels)
Motion graphics & visual storytelling
Clean, professional color grading
Audio polish & sound design
Simple to advanced visual effects


🧰 Tools I use daily:
Adobe Premiere Pro
After Effects
DaVinci Resolve
Photoshop


📌 Content I work with:
Faceless videos
Short-form content
Social media ads
Talking head videos
Documentary-style edits
Celebrity/storytelling content


💡 Not sure if we're a fit? Send a raw clip for a free 30-sec High-Retention demo. Results first, contract later.


Let's create something that actually performs.


— Duy Luong","Video Editing, Social Media Marketing, Motion Graphics, 2D Animation, Video Post-Editing, Video Color Correction, Video Editing Software, Video Animation, AVS Video Editor, Video Advertising, YouTube, Film Editing, Video Intro & Outro, Promotional Video, Video Editing Plugin, Video Editing & Production, 360-Degree Video Editing, Adobe Premiere Pro, Adobe After Effects, DaVinci Resolve"
1550759516545843200,Duy  T.,Vietnam,Ho Chi Minh City,Asia,20.0,1.0,64.666667,13539.36,2,"Professional Video Editor | Video Editing | YouTube Video Editor

Tired of sending your footage to a video editor who misses deadlines, overpromises, or delivers video editing that feels flat and forgettable?

You are not alone. Many clients come to me after working with a video editor who could not deliver strong video editing or match their vision.

I am a professional video editor focused on delivering high quality video editing that turns raw footage into engaging content. As a video editor, I focus on video editing that improves attention, retention, and results.

As a video editor, I work with modern video editing styles that are in high demand today.

I have experience as a video editor in:
🎬 Short form video editing (Reels, TikTok, YouTube Shorts)
🎬 YouTube video editing with strong pacing
🎬 Real estate video editing and listing videos
🎬 Wedding video editing with emotional storytelling
🎬 Talking head video editing for brands
🎬 Social media video editing for growth
🎬 Podcast video editing and clips
🎬 AI based video editing workflows
🎬 Marketing and ad video editing

As a video editor, I understand that video editing is not just cutting clips. Good video editing means storytelling, timing, and structure.

My video editing process as a video editor includes:
✨ Clean video editing with smooth cuts
✨ Advanced video editing with motion graphics
✨ Professional video editing with subtitles
✨ High quality video editing with color grading
✨ Audio balancing in video editing
✨ Fast paced video editing for retention

🌟 WHY CHOOSE ME AS YOUR VIDEO EDITOR 🌟
✅ Experienced video editor with strong video editing skills
✅ Reliable video editor with fast video editing delivery
✅ Clear communication from a professional video editor
✅ Custom video editing based on your needs
✅ Detail focused video editor delivering quality video editing

🛠 TOOLS I USE FOR VIDEO EDITING

1. Adobe Premiere Pro for video editing
2. DaVinci Resolve for video editing and color
3. Final Cut Pro for video editing workflows
4. Adobe After Effects for video editing and motion graphics
5. Adobe Photoshop for supporting video editing design
6. Adobe Lightroom for enhancing visuals in video editing

Every video editor should focus on quality, and as a video editor I make sure every video editing project is clean, engaging, and effective.

If you need a video editor who understands modern video editing and delivers strong video editing results, I am here to help.

Send your footage to a video editor you can trust, and get professional video editing that stands out.","Anime, Movie, Video Editing, YouTube Thumbnail, DaVinci Resolve, Video Advertising, Film Editing, Video Intro & Outro, TikTok Video, Instagram, Podcast Editing, Adobe Premiere Pro, Adobe After Effects, Realistic, Real Estate Video, Real Estate, Final Cut Pro"
1550759516545843200,Duy  T.,Vietnam,Ho Chi Minh City,Asia,20.0,1.0,64.666667,13539.36,2,"Professional Video Editor | Video Editing | YouTube Video Editor

Tired of sending your footage to a video editor who misses deadlines, overpromises, or delivers video editing that feels flat and forgettable?

You are not alone. Many clients come to me after working with a video editor who could not deliver strong video editing or match their vision.

I am a professional video editor focused on delivering high quality video editing that turns raw footage into engaging content. As a video editor, I focus on video editing that improves attention, retention, and results.

As a video editor, I work with modern video editing styles that are in high demand today.

I have experience as a video editor in:
🎬 Short form video editing (Reels, TikTok, YouTube Shorts)
🎬 YouTube video editing with strong pacing
🎬 Real estate video editing and listing videos
🎬 Wedding video editing with emotional storytelling
🎬 Talking head video editing for brands
🎬 Social media video editing for growth
🎬 Podcast video editing and clips
🎬 AI based video editing workflows
🎬 Marketing and ad video editing

As a video editor, I understand that video editing is not just cutting clips. Good video editing means storytelling, timing, and structure.

My video editing process as a video editor includes:
✨ Clean video editing with smooth cuts
✨ Advanced video editing with motion graphics
✨ Professional video editing with subtitles
✨ High quality video editing with color grading
✨ Audio balancing in video editing
✨ Fast paced video editing for retention

🌟 WHY CHOOSE ME AS YOUR VIDEO EDITOR 🌟
✅ Experienced video editor with strong video editing skills
✅ Reliable video editor with fast video editing delivery
✅ Clear communication from a professional video editor
✅ Custom video editing based on your needs
✅ Detail focused video editor delivering quality video editing

🛠 TOOLS I USE FOR VIDEO EDITING

1. Adobe Premiere Pro for video editing
2. DaVinci Resolve for video editing and color
3. Final Cut Pro for video editing workflows
4. Adobe After Effects for video editing and motion graphics
5. Adobe Photoshop for supporting video editing design
6. Adobe Lightroom for enhancing visuals in video editing

Every video editor should focus on quality, and as a video editor I make sure every video editing project is clean, engaging, and effective.

If you need a video editor who understands modern video editing and delivers strong video editing results, I am here to help.

Send your footage to a video editor you can trust, and get professional video editing that stands out.","Anime, Movie, Video Editing, YouTube Thumbnail, DaVinci Resolve, Video Advertising, Film Editing, Video Intro & Outro, TikTok Video, Instagram, Podcast Editing, Adobe Premiere Pro, Adobe After Effects, Realistic, Real Estate Video, Real Estate, Final Cut Pro"
2053478061626774936,Vu P.,Vietnam,Bac Ninh,Asia,10.0,0.94805,882.000002,14925.73,4,"Looking for a reliable full-time video editor who delivers engaging, high-quality content on time?

I’m Vũ, a full-time professional video editor with 5 years of experience creating content that helps creators and brands improve viewer retention, engagement, and overall production quality.

Services I Offer

🎬 YouTube video editing
🎬 Short-form content (TikTok, Reels, YouTube Shorts)
🎬 Podcast editing & highlight clips
🎬 Talking-head & brand videos
🎬 Real estate & wedding videos
🎬 Marketing & social media ads
🎬 AI-assisted editing workflows

What You Can Expect

✨ Smooth, clean cuts & strong pacing
✨ Motion graphics & subtitles
✨ Professional color grading
✨ Audio enhancement & balancing
✨ Fast turnaround & clear communication

Tools I Use

✔ Adobe Premiere Pro
✔ After Effects
✔ DaVinci Resolve
✔ Final Cut Pro
✔ Photoshop & Lightroom

I focus on creating videos that are visually engaging, professionally edited, and tailored to your audience and brand identity.

Let’s turn your footage into content that stands out.","Real Estate Video, Wedding, Wedding Video, Wedding & Event Video, Video Editing, Adobe Premiere Pro, DaVinci Resolve, Final Cut Pro, Instagram Reels, Color Grading, Travel Video, Family & Travel Video, YouTube Video, AVS Video Editor, Adobe After Effects, TikTok Video, Video Editing & Production"
2053478061626774936,Vu P.,Vietnam,Bac Ninh,Asia,10.0,0.94805,882.000002,14925.73,4,"Looking for a reliable full-time video editor who delivers engaging, high-quality content on time?

I’m Vũ, a full-time professional video editor with 5 years of experience creating content that helps creators and brands improve viewer retention, engagement, and overall production quality.

Services I Offer

🎬 YouTube video editing
🎬 Short-form content (TikTok, Reels, YouTube Shorts)
🎬 Podcast editing & highlight clips
🎬 Talking-head & brand videos
🎬 Real estate & wedding videos
🎬 Marketing & social media ads
🎬 AI-assisted editing workflows

What You Can Expect

✨ Smooth, clean cuts & strong pacing
✨ Motion graphics & subtitles
✨ Professional color grading
✨ Audio enhancement & balancing
✨ Fast turnaround & clear communication

Tools I Use

✔ Adobe Premiere Pro
✔ After Effects
✔ DaVinci Resolve
✔ Final Cut Pro
✔ Photoshop & Lightroom

I focus on creating videos that are visually engaging, professionally edited, and tailored to your audience and brand identity.

Let’s turn your footage into content that stands out.","Real Estate Video, Wedding, Wedding Video, Wedding & Event Video, Video Editing, Adobe Premiere Pro, DaVinci Resolve, Final Cut Pro, Instagram Reels, Color Grading, Travel Video, Family & Travel Video, YouTube Video, AVS Video Editor, Adobe After Effects, TikTok Video, Video Editing & Production"
1958197228683956270,Van Giang L.,Vietnam,Ho Chi Minh City,Asia,9.9,0.0,0.0,533.0,1,"⭐️⭐️⭐️⭐️⭐️ 💻 Full-Time Freelancer | ⏰ 24/7 Availability
Looking for a reliable full-time video editor who delivers engaging, high-quality content on time?

I’m Giang, a full-time professional video editor with 2 years of experience creating content that helps creators and brands improve viewer retention, conversion, engagement, and overall production quality.

Service I Offer
🎬 Marketing & social media , Meta ADS , VSL , UGC , DTC videos
🎬 Short-form content (TikTok, Reels, YouTube Shorts)
🎬 YouTube video editing
🎬 Podcast editing & highlight clips
🎬 Talking-head & brand videos
🎬 Real estate & wedding videos
🎬 AI-assisted editing workflows
🎬 Documentary & Faceless videos

What You Can Expect
✨ High conversion and viewer retention rates
✨ Smooth, clean cuts & strong pacing
✨ Motion graphics & subtitles
✨ Professional color grading
✨ Audio enhancement & balancing
✨ Fast turnaround & clear communication

Tools I Use

✔ Adobe Premiere Pro
✔ After Effects
✔ DaVinci Resolve
✔ Final Cut Pro
✔ Photoshop & Lightroom

I focus on creating videos that are visually engaging, professionally edited, and tailored to your audience and brand identity.
You can check out my portfolio below! 👇

DM me now and i turn your footage into content that stands out !
","Video Editing, Video Editing & Production, Social Video Enhancement, Video Editing Software, 360-Degree Video Editing, AVS Video Editor, Video Enhancement, Video Cleanup, Short Video Ad, Adobe Presenter Video Express, Video Advertising"
1958197228683956270,Van Giang L.,Vietnam,Ho Chi Minh City,Asia,9.9,0.0,0.0,533.0,1,"⭐️⭐️⭐️⭐️⭐️ 💻 Full-Time Freelancer | ⏰ 24/7 Availability
Looking for a reliable full-time video editor who delivers engaging, high-quality content on time?

I’m Giang, a full-time professional video editor with 2 years of experience creating content that helps creators and brands improve viewer retention, conversion, engagement, and overall production quality.

Service I Offer
🎬 Marketing & social media , Meta ADS , VSL , UGC , DTC videos
🎬 Short-form content (TikTok, Reels, YouTube Shorts)
🎬 YouTube video editing
🎬 Podcast editing & highlight clips
🎬 Talking-head & brand videos
🎬 Real estate & wedding videos
🎬 AI-assisted editing workflows
🎬 Documentary & Faceless videos

What You Can Expect
✨ High conversion and viewer retention rates
✨ Smooth, clean cuts & strong pacing
✨ Motion graphics & subtitles
✨ Professional color grading
✨ Audio enhancement & balancing
✨ Fast turnaround & clear communication

Tools I Use

✔ Adobe Premiere Pro
✔ After Effects
✔ DaVinci Resolve
✔ Final Cut Pro
✔ Photoshop & Lightroom

I focus on creating videos that are visually engaging, professionally edited, and tailored to your audience and brand identity.
You can check out my portfolio below! 👇

DM me now and i turn your footage into content that stands out !
","Video Editing, Video Editing & Production, Social Video Enhancement, Video Editing Software, 360-Degree Video Editing, AVS Video Editor, Video Enhancement, Video Cleanup, Short Video Ad, Adobe Presenter Video Express, Video Advertising"
1991794509817876778,Dai P.,Vietnam,Bac Giang,Asia,10.0,0.9712,823.500001,12833.63,3,"📌Need videos that keep people watching?
✨I help creators and brands turn raw footage into engaging videos with strong pacing, clean visuals, and storytelling that keeps viewers watching from start to finish🔥   

👋I'm a Professional Video Editor with 5+ years of experience editing YouTube Long-Form Videos, Shorts, Reels, TikTok Content, Talking Head Videos, Podcast Videos, UGC Ads, and Motion Graphics.

What I Can Help With:

✔ YouTube Long-Form Video Editing
✔ Shorts, Reels & TikTok Content
✔ Talking Head & Podcast Videos
✔ Documentary & Faceless Videos
✔ Motion Graphics
✔ UGC Ads & Video Ads
✔ Color Correction, Sound Design & Captions

Tools:

• DaVinci Resolve
• Adobe Premiere Pro
• After Effects
• CapCut

Why Clients Work With Me:

✔ Strong storytelling and pacing
✔ Fast turnaround
✔ Clear communication
✔ Attention to detail
✔ Reliable and easy to work with

Whether you need a single video or ongoing support, I focus on creating content that matches your style and keeps the editing process simple and reliable.

Feel free to send me a message if you think we'd be a good fit.
","Video Post-Editing, Video Intro & Outro, Video Color Correction, Audio Editing, Social Media Video, Storytelling, Documentary Video, Instagram Reels, TikTok Video, YouTube Shorts, Motion Graphics, Adobe Premiere Pro, Adobe After Effects, DaVinci Resolve, Travel Video, YouTube Video, Video Editing, Video Production, Video Advertising, Explainer Video"
1991794509817876778,Dai P.,Vietnam,Bac Giang,Asia,10.0,0.9712,823.500001,12833.63,3,"📌Need videos that keep people watching?
✨I help creators and brands turn raw footage into engaging videos with strong pacing, clean visuals, and storytelling that keeps viewers watching from start to finish🔥   

👋I'm a Professional Video Editor with 5+ years of experience editing YouTube Long-Form Videos, Shorts, Reels, TikTok Content, Talking Head Videos, Podcast Videos, UGC Ads, and Motion Graphics.

What I Can Help With:

✔ YouTube Long-Form Video Editing
✔ Shorts, Reels & TikTok Content
✔ Talking Head & Podcast Videos
✔ Documentary & Faceless Videos
✔ Motion Graphics
✔ UGC Ads & Video Ads
✔ Color Correction, Sound Design & Captions

Tools:

• DaVinci Resolve
• Adobe Premiere Pro
• After Effects
• CapCut

Why Clients Work With Me:

✔ Strong storytelling and pacing
✔ Fast turnaround
✔ Clear communication
✔ Attention to detail
✔ Reliable and easy to work with

Whether you need a single video or ongoing support, I focus on creating content that matches your style and keeps the editing process simple and reliable.

Feel free to send me a message if you think we'd be a good fit.
","Video Post-Editing, Video Intro & Outro, Video Color Correction, Audio Editing, Social Media Video, Storytelling, Documentary Video, Instagram Reels, TikTok Video, YouTube Shorts, Motion Graphics, Adobe Premiere Pro, Adobe After Effects, DaVinci Resolve, Travel Video, YouTube Video, Video Editing, Video Production, Video Advertising, Explainer Video"
1965853239678663115,Hifza K.,Pakistan,Kot Addu,Asia,5.0,0.95255,264.999999,8215.53,14,"I'm a professional video editor and designer with over a year of experience, a creative mindset, and fluency in English. My goal is to transform your ideas and business objectives into impactful, high-quality videos. Every project begins with understanding your vision before executing it to perfection.

My Expertise:

YouTube Video Editing (Vlogs, Documentaries, Cash Cow, Educational, Gaming, etc.)
Social Media Video Editing (Reels, TikTok, YouTube Shorts)
UGC Video Editing
Video Ad Editing (Promotional & Commercial Content)
Motion Graphics & Animated Elements
Logo Intros, Animated Logos, and Text Animations
Thumbnail Design
Social Media Marketing & Management

Tools I Use:

✅ Adobe Premiere Pro
✅ Adobe After Effects
✅ Adobe Photoshop
✅ Canva
✅ CapCut
✅ DaVinci Resolve
✅ Trello, Asana, Slack

Key Skills:

YouTube & TikTok Videos | Facebook Ads | UGC Content | Promo Videos
YouTube Shorts | Instagram Reels | Facebook Reels | Motion Graphics
Explainer Videos | Documentary Editing | Vlogs | Tutorials
Thumbnails | Animated Captions | Video Effects | Social Media Management

Let’s create something amazing together!","Video Editing, Video Editing & Production, Video Editing Plugin, YouTube, Animation, Instagram Reels, Adobe Premiere Pro, Video Production, YouTube Video, Video Editing Software, YouTube Shorts, 360-Degree Video Editing, Wedding & Event Video, Documentary Video, AVS Video Editor, Video Animation, Video Color Correction, Video Enhancement, Video Annotation, YouTube Automation"
1965853239678663115,Hifza K.,Pakistan,Kot Addu,Asia,5.0,0.95255,264.999999,8215.53,14,"I'm a professional video editor and designer with over a year of experience, a creative mindset, and fluency in English. My goal is to transform your ideas and business objectives into impactful, high-quality videos. Every project begins with understanding your vision before executing it to perfection.

My Expertise:

YouTube Video Editing (Vlogs, Documentaries, Cash Cow, Educational, Gaming, etc.)
Social Media Video Editing (Reels, TikTok, YouTube Shorts)
UGC Video Editing
Video Ad Editing (Promotional & Commercial Content)
Motion Graphics & Animated Elements
Logo Intros, Animated Logos, and Text Animations
Thumbnail Design
Social Media Marketing & Management

Tools I Use:

✅ Adobe Premiere Pro
✅ Adobe After Effects
✅ Adobe Photoshop
✅ Canva
✅ CapCut
✅ DaVinci Resolve
✅ Trello, Asana, Slack

Key Skills:

YouTube & TikTok Videos | Facebook Ads | UGC Content | Promo Videos
YouTube Shorts | Instagram Reels | Facebook Reels | Motion Graphics
Explainer Videos | Documentary Editing | Vlogs | Tutorials
Thumbnails | Animated Captions | Video Effects | Social Media Management

Let’s create something amazing together!","Video Editing, Video Editing & Production, Video Editing Plugin, YouTube, Animation, Instagram Reels, Adobe Premiere Pro, Video Production, YouTube Video, Video Editing Software, YouTube Shorts, 360-Degree Video Editing, Wedding & Event Video, Documentary Video, AVS Video Editor, Video Animation, Video Color Correction, Video Enhancement, Video Annotation, YouTube Automation"
1951367914931166133,Nure E J.,Bangladesh,Gaibandha,Asia,30.0,1.0,359.333339,58266.98,12,"Hi, I'm Nova - and I'm best at:
Talking Head Videos | High-Quality Reels | AI Video Editing | Meta Ads | VSL | Cashcow Documentaries | Faceless YouTube Videos | Promotional Content | SaaS | Motion Graphics | Travel, Vlog & Cinematic Videos | Real Estate | Wedding | Explainer Videos | Social Media Content, and so much more.

I work with clients across YouTube, social media, and paid ad campaigns. My editing style is built to hold attention: hook-first structure, clean cuts, purposeful motion graphics, and pacing that fits each platform.

I quote based on the actual brief once I've seen it, not a flat rate, and I give a clear turnaround before we start. I also offer paid test edits when needed, since I believe a test is the best way for both the client and me to evaluate the creative fit and quality before committing to a larger project.

I edit in Adobe Premiere Pro, After Effects, CapCut, and Blender for 3D work. I also use AI-assisted tools such as Runway, VEO, Gemini, CapCut AI, HeyGen, Synthesia, InVideo AI and other AI tools where they genuinely help speed up production, create custom visuals, or improve the final result. I also design thumbnails and supporting graphics in Photoshop.

If you're looking for someone who delivers consistently high-quality work, adapts to your style, and communicates clearly throughout the project, let's chat about your project.","Video Editing, AVS Video Editor, Adobe Premiere Pro, Adobe After Effects, Instagram Reels, YouTube Shorts, Documentary Video, Short Video Ad, 3D Animation, Motion Graphics, TikTok Video, Video Color Correction, Documentary, Video Ad, AI Video Generator, AI Video Generation"
1951367914931166133,Nure E J.,Bangladesh,Gaibandha,Asia,30.0,1.0,359.333339,58266.98,12,"Hi, I'm Nova - and I'm best at:
Talking Head Videos | High-Quality Reels | AI Video Editing | Meta Ads | VSL | Cashcow Documentaries | Faceless YouTube Videos | Promotional Content | SaaS | Motion Graphics | Travel, Vlog & Cinematic Videos | Real Estate | Wedding | Explainer Videos | Social Media Content, and so much more.

I work with clients across YouTube, social media, and paid ad campaigns. My editing style is built to hold attention: hook-first structure, clean cuts, purposeful motion graphics, and pacing that fits each platform.

I quote based on the actual brief once I've seen it, not a flat rate, and I give a clear turnaround before we start. I also offer paid test edits when needed, since I believe a test is the best way for both the client and me to evaluate the creative fit and quality before committing to a larger project.

I edit in Adobe Premiere Pro, After Effects, CapCut, and Blender for 3D work. I also use AI-assisted tools such as Runway, VEO, Gemini, CapCut AI, HeyGen, Synthesia, InVideo AI and other AI tools where they genuinely help speed up production, create custom visuals, or improve the final result. I also design thumbnails and supporting graphics in Photoshop.

If you're looking for someone who delivers consistently high-quality work, adapts to your style, and communicates clearly throughout the project, let's chat about your project.","Video Editing, AVS Video Editor, Adobe Premiere Pro, Adobe After Effects, Instagram Reels, YouTube Shorts, Documentary Video, Short Video Ad, 3D Animation, Motion Graphics, TikTok Video, Video Color Correction, Documentary, Video Ad, AI Video Generator, AI Video Generation"
1569317360720924672,Shamima K.,Bangladesh,Bogra,Asia,10.0,0.9492,7462.666676,111365.6,22,"Send me your raw footage, and I’ll turn it into videos that keep viewers watching and help grow your business. That’s my promise.

I help content creators, personal brands, businesses, and marketing agencies grow their audience and get more views, watch time, and engagement by turning raw footage into professional business content, viral short form videos, talking head video, corporate or event video, real estate video or social media ads, UGC content using Premiere Pro, DaVinci Resolve, and After Effects, usually within 1-5 Days.

My Core Editing Services:
•YouTube video editing
•Short form video editing
•UGC video editing and video ads
•Real estate video editing
•Talking head videos for coaches, educators, founders, course creators and personal brands
•Podcast video editing•
•Corporate and brand videos
•Documentary and cinematic edits with a premium, filmic look
•Wedding and event highlight films
•Motion graphics and animated elements

Tools I Use:
•Adobe Premiere Pro 
•Adobe After Effects 
•DaVinci Resolve 
•Final Cut Pro
•Motion Graphics 
•Color Grading 
•Sound Design  
•Audio Mixing 
•Captions and Subtitles 
•B-Roll 
•Visual Effects  
•Trello, Asana, Slack

KEY SKILLS
Podcast Video Editor, Podcast Editor, Short Form Video Editor, Talking Head Video Editor, Long Form Podcast Editing, Multicam Podcast Editing, Podcast Clips, Video Editing, YouTube Podcasts, YouTube Shorts, Instagram Reels, TikTok Videos, Social Media Video Editor, Video Post Production, Content Repurposing, White Label Video Editing, YouTube Video Editing, Facebook Reels, Cash Cow Videos, Faceless YouTube, UGC Content, Video Ads, Promo Videos, Documentary Editing, Tutorials, Real Estate Video, Motion Graphics, Animated Captions, Color Grading

Let’s create something amazing together!","Video Editing, Video Editing & Production, Adobe Premiere Pro, Adobe After Effects, Video Production, Video Post-Editing, Motion Graphics, Video Color Correction, Color Grading, TikTok Video, Cinematic Video, Real Estate Video, DaVinci Resolve, Final Cut Pro, YouTube Video, Short Video, Short Video Ad, Visual Effects, UGC, Instagram Reels"
1569317360720924672,Shamima K.,Bangladesh,Bogra,Asia,10.0,0.9492,7462.666676,111365.6,22,"Send me your raw footage, and I’ll turn it into videos that keep viewers watching and help grow your business. That’s my promise.

I help content creators, personal brands, businesses, and marketing agencies grow their audience and get more views, watch time, and engagement by turning raw footage into professional business content, viral short form videos, talking head video, corporate or event video, real estate video or social media ads, UGC content using Premiere Pro, DaVinci Resolve, and After Effects, usually within 1-5 Days.

My Core Editing Services:
•YouTube video editing
•Short form video editing
•UGC video editing and video ads
•Real estate video editing
•Talking head videos for coaches, educators, founders, course creators and personal brands
•Podcast video editing•
•Corporate and brand videos
•Documentary and cinematic edits with a premium, filmic look
•Wedding and event highlight films
•Motion graphics and animated elements

Tools I Use:
•Adobe Premiere Pro 
•Adobe After Effects 
•DaVinci Resolve 
•Final Cut Pro
•Motion Graphics 
•Color Grading 
•Sound Design  
•Audio Mixing 
•Captions and Subtitles 
•B-Roll 
•Visual Effects  
•Trello, Asana, Slack

KEY SKILLS
Podcast Video Editor, Podcast Editor, Short Form Video Editor, Talking Head Video Editor, Long Form Podcast Editing, Multicam Podcast Editing, Podcast Clips, Video Editing, YouTube Podcasts, YouTube Shorts, Instagram Reels, TikTok Videos, Social Media Video Editor, Video Post Production, Content Repurposing, White Label Video Editing, YouTube Video Editing, Facebook Reels, Cash Cow Videos, Faceless YouTube, UGC Content, Video Ads, Promo Videos, Documentary Editing, Tutorials, Real Estate Video, Motion Graphics, Animated Captions, Color Grading

Let’s create something amazing together!","Video Editing, Video Editing & Production, Adobe Premiere Pro, Adobe After Effects, Video Production, Video Post-Editing, Motion Graphics, Video Color Correction, Color Grading, TikTok Video, Cinematic Video, Real Estate Video, DaVinci Resolve, Final Cut Pro, YouTube Video, Short Video, Short Video Ad, Visual Effects, UGC, Instagram Reels"
1637356701614215168,Khang H.,Vietnam,Ho Chi Minh City,Asia,16.0,0.9885,1721.666668,90853.16,8,"❓ How to help your videos look professional and reach more viewers?
🚀If you want to find a professional video editor to grow up your YouTube channel or make a sefl-marketing video to highlight yourself and your products, I'm the one you need.
Specialties include:
✅ Color grading
✅ Smooth cutting 
✅ Motion graphic
✅ Audio enhancement
✅ 3D animation
✅ Text animation
🔥 Specializing in editing talking head and faceless videos, I understand the importance of creating an engaging video for the development of a channel. I'm always putting all my energy into editing as perfectly as possible to meet client requirements. I also edit videos  for websites, workshops, seminars, testimonials, events... to help build your brand..  I owned many youtube channels and have helped a lot of personal youtube channels grow up . 
👉Don't hesitate to contact me to discuss your project! I would be honored to contribute to its success.","DaVinci Resolve, Adobe After Effects, Video Editing, Color Grading, Video Transition, Visual Effects, YouTube Video, Motion Graphics"
1637356701614215168,Khang H.,Vietnam,Ho Chi Minh City,Asia,16.0,0.9885,1721.666668,90853.16,8,"❓ How to help your videos look professional and reach more viewers?
🚀If you want to find a professional video editor to grow up your YouTube channel or make a sefl-marketing video to highlight yourself and your products, I'm the one you need.
Specialties include:
✅ Color grading
✅ Smooth cutting 
✅ Motion graphic
✅ Audio enhancement
✅ 3D animation
✅ Text animation
🔥 Specializing in editing talking head and faceless videos, I understand the importance of creating an engaging video for the development of a channel. I'm always putting all my energy into editing as perfectly as possible to meet client requirements. I also edit videos  for websites, workshops, seminars, testimonials, events... to help build your brand..  I owned many youtube channels and have helped a lot of personal youtube channels grow up . 
👉Don't hesitate to contact me to discuss your project! I would be honored to contribute to its success.","DaVinci Resolve, Adobe After Effects, Video Editing, Color Grading, Video Transition, Visual Effects, YouTube Video, Motion Graphics"
2028870616767859111,Muhammad A.,Pakistan,Rawalpindi,Asia,10.0,1.0,35.833333,0.0,0,"If engagement, storytelling, and premium quality matter to you, hire a Video Editor who treats every frame with purpose. I help brands, businesses, and creators transform raw footage into polished content that captures attention and keeps audiences watching.

🎬 What I Deliver:

• Professional Video Editing for YouTube, Social Media & Brands
• Motion Graphics, Dynamic Typography & Visual Effects
• Cinematic Color Grading & Audio Enhancement
• Promotional Videos, Talking Heads & Documentary Style Content
• Short Form Content for TikTok, Reels & YouTube Shorts

🛠 Tools I Use:

Adobe Premiere Pro | Adobe After Effects | Photoshop | Illustrator | Blender

📽 Core Skills:

✔ Video Editing & Storytelling
✔ Motion Graphics & Animation
✔ Color Correction & Grading
✔ Sound Design & Audio Cleanup
✔ 2D Animation & Visual Effects

I focus on the details, pacing, timing, and visual flow to create content that looks professional, engages viewers, and strengthens your brand.

📅 Let's create content that stands out.","Adobe Creative Cloud, Adobe Premiere Pro, Adobe After Effects, Motion Graphics, Video Editing, Content Creation, Adobe Animate, YouTube, Illustration, Branding, Adobe Photoshop, Adobe Illustrator, Graphic Design, Blender"
2028870616767859111,Muhammad A.,Pakistan,Rawalpindi,Asia,10.0,1.0,35.833333,0.0,0,"If engagement, storytelling, and premium quality matter to you, hire a Video Editor who treats every frame with purpose. I help brands, businesses, and creators transform raw footage into polished content that captures attention and keeps audiences watching.

🎬 What I Deliver:

• Professional Video Editing for YouTube, Social Media & Brands
• Motion Graphics, Dynamic Typography & Visual Effects
• Cinematic Color Grading & Audio Enhancement
• Promotional Videos, Talking Heads & Documentary Style Content
• Short Form Content for TikTok, Reels & YouTube Shorts

🛠 Tools I Use:

Adobe Premiere Pro | Adobe After Effects | Photoshop | Illustrator | Blender

📽 Core Skills:

✔ Video Editing & Storytelling
✔ Motion Graphics & Animation
✔ Color Correction & Grading
✔ Sound Design & Audio Cleanup
✔ 2D Animation & Visual Effects

I focus on the details, pacing, timing, and visual flow to create content that looks professional, engages viewers, and strengthens your brand.

📅 Let's create content that stands out.","Adobe Creative Cloud, Adobe Premiere Pro, Adobe After Effects, Motion Graphics, Video Editing, Content Creation, Adobe Animate, YouTube, Illustration, Branding, Adobe Photoshop, Adobe Illustrator, Graphic Design, Blender"
1607987474642321408,Nguyen Duc  T.,Vietnam,Hanoi,Asia,5.0,1.0,0.0,50164.5,3,"🏆 Video Editing Expert
🥇 TOP RATED PLUS — Top 3% on Upwork | 100% Job Success.

115+ successful projects delivered.
5,000+ professional hours logged.
7+ years of industry experience.

Good video isn't just about cuts and transitions. It's about making people feel something. I edit with storytelling at the core, pacing that pulls viewers forward, and an instinct for what keeps eyes glued to the screen.
Every project gets the same obsessive attention to detail. No filler. No fluff. Just content that works.

🎬 Most of my work lives in these formats:
YouTube videos (Faceless, Documentary, Talking Head)
Short-form content (Reels, TikTok, Shorts)
Podcast & Interview editing
Sports highlights & viral-style edits

Like any modern workflow, AI is part of the process. But I keep it where it belongs optimizing delivery, not replacing craft. The creative decisions are always mine.

If your content needs to perform, not just look good, let's talk. 🤝","Color Grading, Concept Video, Compositing, Audio Editing, 360-Degree Video Editing, Dynamic Transition, Video Commercial, Dialogue Editing, YouTube Video, YouTube Development, Video Editing & Production, YouTube"
1607987474642321408,Nguyen Duc  T.,Vietnam,Hanoi,Asia,5.0,1.0,0.0,50164.5,3,"🏆 Video Editing Expert
🥇 TOP RATED PLUS — Top 3% on Upwork | 100% Job Success.

115+ successful projects delivered.
5,000+ professional hours logged.
7+ years of industry experience.

Good video isn't just about cuts and transitions. It's about making people feel something. I edit with storytelling at the core, pacing that pulls viewers forward, and an instinct for what keeps eyes glued to the screen.
Every project gets the same obsessive attention to detail. No filler. No fluff. Just content that works.

🎬 Most of my work lives in these formats:
YouTube videos (Faceless, Documentary, Talking Head)
Short-form content (Reels, TikTok, Shorts)
Podcast & Interview editing
Sports highlights & viral-style edits

Like any modern workflow, AI is part of the process. But I keep it where it belongs optimizing delivery, not replacing craft. The creative decisions are always mine.

If your content needs to perform, not just look good, let's talk. 🤝","Color Grading, Concept Video, Compositing, Audio Editing, 360-Degree Video Editing, Dynamic Transition, Video Commercial, Dialogue Editing, YouTube Video, YouTube Development, Video Editing & Production, YouTube"
1958027051466348616,Ta Thi Mong D.,Vietnam,Ho Chi Minh City,Asia,12.0,0.0,0.0,55.0,0,"Hi there,

As a video editor with 3 years of experience and a portfolio of 500+ videos across various niches, I don't just edit visually appealing videos—I focus on solving real business problems. I help businesses of all sizes drive sales and conversions, while empowering content creators to consistently break through with 500k to 1M+ views

I believe great editing is more than just adding effects—it’s about shaping the story, maximizing audience retention, and creating videos people actually finish watching.

Videos I do:
✅ Talking Heads / Ads / Vlogs / Educational / Informational / Full AI videos
✅ Facebook Reels / Instagram Reels / Tiktok Videos / YouTube shorts / LinkedIn Reels
✅ YouTube Long videos / Documentary / Short Films / Podcast Edits

 What you can expect:
✅ High-quality editing with strict attention to detail
✅ Fast turnaround times & clear, reliable communication
✅ Content strategically optimized for engagement and views

Softwares Knowledge:
✅ Adobe Premiere Pro
✅ Capcut/Descript
✅ Davinchi Resolve
✅ Canva Pro


If you are unsure about my services, please send me some raw footage, and I will do a free 30-second test for you—delivering value first, before any contract.

Happy to be a part of your next project!!


","Video Editing, DaVinci Resolve, Social Media Marketing, TikTok, YouTube, Adobe Premiere Pro, Motion Graphics, Instagram Reels, Podcast, Video Intro & Outro, Promotional Video, 2D Animation, Video Advertising, Video Animation, Video Editing Plugin, Film Editing, Video Color Correction, AVS Video Editor, LinkedIn, CapCut"
1958027051466348616,Ta Thi Mong D.,Vietnam,Ho Chi Minh City,Asia,12.0,0.0,0.0,55.0,0,"Hi there,

As a video editor with 3 years of experience and a portfolio of 500+ videos across various niches, I don't just edit visually appealing videos—I focus on solving real business problems. I help businesses of all sizes drive sales and conversions, while empowering content creators to consistently break through with 500k to 1M+ views

I believe great editing is more than just adding effects—it’s about shaping the story, maximizing audience retention, and creating videos people actually finish watching.

Videos I do:
✅ Talking Heads / Ads / Vlogs / Educational / Informational / Full AI videos
✅ Facebook Reels / Instagram Reels / Tiktok Videos / YouTube shorts / LinkedIn Reels
✅ YouTube Long videos / Documentary / Short Films / Podcast Edits

 What you can expect:
✅ High-quality editing with strict attention to detail
✅ Fast turnaround times & clear, reliable communication
✅ Content strategically optimized for engagement and views

Softwares Knowledge:
✅ Adobe Premiere Pro
✅ Capcut/Descript
✅ Davinchi Resolve
✅ Canva Pro


If you are unsure about my services, please send me some raw footage, and I will do a free 30-second test for you—delivering value first, before any contract.

Happy to be a part of your next project!!


","Video Editing, DaVinci Resolve, Social Media Marketing, TikTok, YouTube, Adobe Premiere Pro, Motion Graphics, Instagram Reels, Podcast, Video Intro & Outro, Promotional Video, 2D Animation, Video Advertising, Video Animation, Video Editing Plugin, Film Editing, Video Color Correction, AVS Video Editor, LinkedIn, CapCut"
1837115604817949675,Luat N.,Vietnam,Qui Nhon,Asia,14.99,1.0,18.166667,5786.31,1,"Kling 3.0 · Higgsfield · ElevenLabs · GPT Image 2 · Gemini Omni · Seedance 2.5
_I’m an AI Video Editor who turns products, offers, and scripts into scroll-stopping UGC, VSL, and Meta Ads designed to capture attention and drive conversions.
_I build performance-focused ad creatives by combining AI-generated actors, realistic visuals, voiceovers, storytelling, and conversion-driven editing to create ads that feel native, human, and made to sell.
_From a simple product, script, or reference ad, I can take the idea from concept → AI production → editing → final ad, ready for testing.","AI Video Generation, AI Content Editing, Video Editing Software, Video Ad, AI-Generated Voice-Over, Video Editing, ElevenLabs, Video Advertising, Short Video, AVS Video Editor, Promotional Video, DaVinci Resolve, Video Post-Editing, Video Animation, YouTube"
1837115604817949675,Luat N.,Vietnam,Qui Nhon,Asia,14.99,1.0,18.166667,5786.31,1,"Kling 3.0 · Higgsfield · ElevenLabs · GPT Image 2 · Gemini Omni · Seedance 2.5
_I’m an AI Video Editor who turns products, offers, and scripts into scroll-stopping UGC, VSL, and Meta Ads designed to capture attention and drive conversions.
_I build performance-focused ad creatives by combining AI-generated actors, realistic visuals, voiceovers, storytelling, and conversion-driven editing to create ads that feel native, human, and made to sell.
_From a simple product, script, or reference ad, I can take the idea from concept → AI production → editing → final ad, ready for testing.","AI Video Generation, AI Content Editing, Video Editing Software, Video Ad, AI-Generated Voice-Over, Video Editing, ElevenLabs, Video Advertising, Short Video, AVS Video Editor, Promotional Video, DaVinci Resolve, Video Post-Editing, Video Animation, YouTube"
2074813095359950051,Quyen Linh P.,Vietnam,Vinh,Asia,10.0,0.0,15.0,165.49,0,"🚀I will help you create engaging content to raise awareness and increase sales 🔥🔥🔥
Clear communication, fast-turnaround, and simple work process to bring your best videos.

⭐⭐⭐⭐⭐
""Linh did a great job on my short videos. I recommend highly and plan to work with him in the future.""

⭐⭐⭐⭐⭐
""Linh was professional, responsive, and easy to communicate with. He followed instructions carefully, delivered the task on time, and was open to feedback. A reliable freelancer with a positive attitude""

⭐⭐⭐⭐⭐
""Linh was committed to quality, and communications were clear and attentive to details. Great work, thank you""

What I can do for you:
🎬 Long/Short Form Video Edit
🗣️ Talking Head Video Edits with many styles
🖥 Clean Style Youtube Long Videos
✔ Creative Instagram/TikTok Reels
✨ Motion Graphics
🖼️ Color Grading
 🔊 Sound Design & Voice Enhance

I'm looking forward to working with you.
Best Regards.","Video Post-Editing, Video Color Correction, Video Intro & Outro, Video Animation, Video Advertising, Film Editing, Promotional Video, Film & Video, Color Grading, Motion Graphics, AVS Video Editor, Podcast Editing, Instagram Reels, YouTube Shorts, Social Media Video"
2074813095359950051,Quyen Linh P.,Vietnam,Vinh,Asia,10.0,0.0,15.0,165.49,0,"🚀I will help you create engaging content to raise awareness and increase sales 🔥🔥🔥
Clear communication, fast-turnaround, and simple work process to bring your best videos.

⭐⭐⭐⭐⭐
""Linh did a great job on my short videos. I recommend highly and plan to work with him in the future.""

⭐⭐⭐⭐⭐
""Linh was professional, responsive, and easy to communicate with. He followed instructions carefully, delivered the task on time, and was open to feedback. A reliable freelancer with a positive attitude""

⭐⭐⭐⭐⭐
""Linh was committed to quality, and communications were clear and attentive to details. Great work, thank you""

What I can do for you:
🎬 Long/Short Form Video Edit
🗣️ Talking Head Video Edits with many styles
🖥 Clean Style Youtube Long Videos
✔ Creative Instagram/TikTok Reels
✨ Motion Graphics
🖼️ Color Grading
 🔊 Sound Design & Voice Enhance

I'm looking forward to working with you.
Best Regards.","Video Post-Editing, Video Color Correction, Video Intro & Outro, Video Animation, Video Advertising, Film Editing, Promotional Video, Film & Video, Color Grading, Motion Graphics, AVS Video Editor, Podcast Editing, Instagram Reels, YouTube Shorts, Social Media Video"
1881716563915390385,Gustavo V.,Brazil,Curitiba,Americas,30.0,0.0,1.666667,1973.97,0,"I’m a 22-year-old video editor with 6 years of experience creating engaging short-form and long-form content for creators and brands, including Shorts, Reels, TikToks, and YouTube videos.","Video Editing, Sound Design, Cinematography, Drone Videography, Video Ad Campaign, TikTok Video"
1881716563915390385,Gustavo V.,Brazil,Curitiba,Americas,30.0,0.0,1.666667,1973.97,0,"I’m a 22-year-old video editor with 6 years of experience creating engaging short-form and long-form content for creators and brands, including Shorts, Reels, TikToks, and YouTube videos.","Video Editing, Sound Design, Cinematography, Drone Videography, Video Ad Campaign, TikTok Video"
1752840239631142912,Giuliana Belen C.,Argentina,Cordoba,Americas,10.0,1.0,313.333333,7845.76,1,"I’m Giuliana — a video editor experienced in a wide range of projects, from animated shorts and ads to podcasts, social media content, and documentaries. I’m passionate about visual storytelling with an aesthetic and cinematic approach, paying close attention to rhythm, framing, and transitions to bring each story to life.

What I can help you with:
•Short-form videos for social media (TikTok, Reels, Shorts)
•YouTube video editing (vlogs, video essays, interviews)
•2D animations and motion graphics
•Podcast editing (audio + visuals)
•Commercials with dynamic, creative pacing
•Narrative-driven pieces and documentaries

","Video Editing, Adobe Premiere Pro, Film Editing, Film Direction, Video Ad, Photography, Cinematic Video, Adobe After Effects, Motion Graphics, Animation, Scriptwriting"
1752840239631142912,Giuliana Belen C.,Argentina,Cordoba,Americas,10.0,1.0,313.333333,7845.76,1,"I’m Giuliana — a video editor experienced in a wide range of projects, from animated shorts and ads to podcasts, social media content, and documentaries. I’m passionate about visual storytelling with an aesthetic and cinematic approach, paying close attention to rhythm, framing, and transitions to bring each story to life.

What I can help you with:
•Short-form videos for social media (TikTok, Reels, Shorts)
•YouTube video editing (vlogs, video essays, interviews)
•2D animations and motion graphics
•Podcast editing (audio + visuals)
•Commercials with dynamic, creative pacing
•Narrative-driven pieces and documentaries

","Video Editing, Adobe Premiere Pro, Film Editing, Film Direction, Video Ad, Photography, Cinematic Video, Adobe After Effects, Motion Graphics, Animation, Scriptwriting"
1579171239130804224,Ammaar R.,United Kingdom,Leicester,Europe,20.0,1.0,3262.333336,97578.97,21,"Your Money Deserves Better Than Low-Quality Work!

Hi! I’m Ammaar, a passionate video editor with a proven track record of helping brands produce high quality content across platforms like YouTube, TikTok, Instagram, and Facebook. Having worked with over 50 channels, some with more than 1,000,000 followers, I bring extensive experience in crafting high-quality, engaging content that drives meaningful results.

I don’t just manage these platforms—I live and breathe them. By keeping up with the latest trends and strategies, I’ve developed a deep understanding of what works in today’s competitive digital landscape. Whether it’s long-form YouTube videos, short-form viral content for TikTok, or even Facebook ads and VSLs, I know how to create content that grabs attention, builds engagement, and converts viewers into loyal customers.

I’ve had the privilege of working with notable entrepreneurs and brands, including The Ecom King, Property By Kazy, CEOCAST, Uzma & Leena, and Poku Banks, to drive incredible results, and I’d love for you to be my next success story.","Video Editing, Instagram Reels, Content Editing, YouTube Shorts, Content Creation, TikTok, Short Video, Video Editing & Production, Graphic Design, Podcast Editing"
1579171239130804224,Ammaar R.,United Kingdom,Leicester,Europe,20.0,1.0,3262.333336,97578.97,21,"Your Money Deserves Better Than Low-Quality Work!

Hi! I’m Ammaar, a passionate video editor with a proven track record of helping brands produce high quality content across platforms like YouTube, TikTok, Instagram, and Facebook. Having worked with over 50 channels, some with more than 1,000,000 followers, I bring extensive experience in crafting high-quality, engaging content that drives meaningful results.

I don’t just manage these platforms—I live and breathe them. By keeping up with the latest trends and strategies, I’ve developed a deep understanding of what works in today’s competitive digital landscape. Whether it’s long-form YouTube videos, short-form viral content for TikTok, or even Facebook ads and VSLs, I know how to create content that grabs attention, builds engagement, and converts viewers into loyal customers.

I’ve had the privilege of working with notable entrepreneurs and brands, including The Ecom King, Property By Kazy, CEOCAST, Uzma & Leena, and Poku Banks, to drive incredible results, and I’d love for you to be my next success story.","Video Editing, Instagram Reels, Content Editing, YouTube Shorts, Content Creation, TikTok, Short Video, Video Editing & Production, Graphic Design, Podcast Editing"
887212902524444672,Ajay K.,India,Mandi Gobindgarh,Asia,5.0,1.0,5141.333347,123734.78,57,"Thanks for visiting my profile. I am an expert in video editing. I have 7 years of experience in this field.

I can do all kinds of projects such as wedding highlights, YouTube videos, Podcast Editing, Interview Videos, Cinematic videos, Shorts, and reels.

Which Software I am using:

Adobe Premiere Pro
Adobe After Effects

Why should you hire me :

1. Top-rated plus freelance.
2. 800+ jobs completed with good feedback.
3. Quick turn round time.
4. Also provide revisions.
5. Quick response.
6. Advanced editing skills to make your videos look more professional.

What clients say about me:

""Ajay was clear in his communication and made revisions as requested. He delivered a high-quality product.""

""Working with Ajay is very smooth and he is great at what he does. Will rehire!""

""Timely responses, very professional, will use again. Thanks, Ajay!""

""Ajay is very good at his craft. He edited a video and integrated background graphics, music, and more. He is very patient, professional, and responsive. Would strongly recommend it to others.""

For any kind of long-term and short-term project hire me.

With Regards
Ajay Kumar","Video Color Correction, Video Post-Editing, Video Editing, Gaming Video, Adobe Premiere Pro, Travel Video, Adobe After Effects, Audio Editing, Showreel, Audio Post Production, Photo Editing, Wedding, Podcast Production, Cinematic Video, Social Media Content Creation"
887212902524444672,Ajay K.,India,Mandi Gobindgarh,Asia,5.0,1.0,5141.333347,123734.78,57,"Thanks for visiting my profile. I am an expert in video editing. I have 7 years of experience in this field.

I can do all kinds of projects such as wedding highlights, YouTube videos, Podcast Editing, Interview Videos, Cinematic videos, Shorts, and reels.

Which Software I am using:

Adobe Premiere Pro
Adobe After Effects

Why should you hire me :

1. Top-rated plus freelance.
2. 800+ jobs completed with good feedback.
3. Quick turn round time.
4. Also provide revisions.
5. Quick response.
6. Advanced editing skills to make your videos look more professional.

What clients say about me:

""Ajay was clear in his communication and made revisions as requested. He delivered a high-quality product.""

""Working with Ajay is very smooth and he is great at what he does. Will rehire!""

""Timely responses, very professional, will use again. Thanks, Ajay!""

""Ajay is very good at his craft. He edited a video and integrated background graphics, music, and more. He is very patient, professional, and responsive. Would strongly recommend it to others.""

For any kind of long-term and short-term project hire me.

With Regards
Ajay Kumar","Video Color Correction, Video Post-Editing, Video Editing, Gaming Video, Adobe Premiere Pro, Travel Video, Adobe After Effects, Audio Editing, Showreel, Audio Post Production, Photo Editing, Wedding, Podcast Production, Cinematic Video, Social Media Content Creation"
1889538956178298808,Don T.,Vietnam,Haiphong,Asia,12.0,1.0,409.666663,24032.96,6,"Tired of sending your footage to a video editor who misses deadlines, overpromises, or delivers video editing that feels flat and forgettable?

You are not alone. Many clients come to me after working with a video editor who could not deliver strong video editing or match their vision.

I am a professional video editor focused on delivering high quality video editing that turns raw footage into engaging content. As a video editor, I focus on video editing that improves attention, retention, and results.

As a video editor, I work with modern video editing styles that are in high demand today.

I have experience as a video editor in:
🎬 Short form video editing (Reels, TikTok, YouTube Shorts)
🎬 YouTube video editing with strong pacing
🎬 Real estate video editing and listing videos
🎬 Wedding video editing with emotional storytelling
🎬 Talking head video editing for brands
🎬 Social media video editing for growth
🎬 Podcast video editing and clips
🎬 AI based video editing workflows
🎬 Marketing and ad video editing

As a video editor, I understand that video editing is not just cutting clips. Good video editing means storytelling, timing, and structure.

My video editing process as a video editor includes:
✨ Clean video editing with smooth cuts
✨ Advanced video editing with motion graphics
✨ Professional video editing with subtitles
✨ High quality video editing with color grading
✨ Audio balancing in video editing
✨ Fast paced video editing for retention

🌟 WHY CHOOSE ME AS YOUR VIDEO EDITOR 🌟
✅ Experienced video editor with strong video editing skills
✅ Reliable video editor with fast video editing delivery
✅ Clear communication from a professional video editor
✅ Custom video editing based on your needs
✅ Detail focused video editor delivering quality video editing

🛠 TOOLS I USE FOR VIDEO EDITING

1. Adobe Premiere Pro for video editing
2. DaVinci Resolve for video editing and color
3. Final Cut Pro for video editing workflows
4. Adobe After Effects for video editing and motion graphics
5. Adobe Photoshop for supporting video editing design
6. Adobe Lightroom for enhancing visuals in video editing

Every video editor should focus on quality, and as a video editor I make sure every video editing project is clean, engaging, and effective.

If you need a video editor who understands modern video editing and delivers strong video editing results, I am here to help.

Send your footage to a video editor you can trust, and get professional video editing that stands out.","Video Editing, Social Video Marketing, Motion Graphics, 2D Animation, Video Post-Editing, Video Color Correction, Video Editing Software, Video Animation, AVS Video Editor, Video Advertising, YouTube, Film Editing, Video Intro & Outro, Adobe Creative Cloud, Promotional Video"
1889538956178298808,Don T.,Vietnam,Haiphong,Asia,12.0,1.0,409.666663,24032.96,6,"Tired of sending your footage to a video editor who misses deadlines, overpromises, or delivers video editing that feels flat and forgettable?

You are not alone. Many clients come to me after working with a video editor who could not deliver strong video editing or match their vision.

I am a professional video editor focused on delivering high quality video editing that turns raw footage into engaging content. As a video editor, I focus on video editing that improves attention, retention, and results.

As a video editor, I work with modern video editing styles that are in high demand today.

I have experience as a video editor in:
🎬 Short form video editing (Reels, TikTok, YouTube Shorts)
🎬 YouTube video editing with strong pacing
🎬 Real estate video editing and listing videos
🎬 Wedding video editing with emotional storytelling
🎬 Talking head video editing for brands
🎬 Social media video editing for growth
🎬 Podcast video editing and clips
🎬 AI based video editing workflows
🎬 Marketing and ad video editing

As a video editor, I understand that video editing is not just cutting clips. Good video editing means storytelling, timing, and structure.

My video editing process as a video editor includes:
✨ Clean video editing with smooth cuts
✨ Advanced video editing with motion graphics
✨ Professional video editing with subtitles
✨ High quality video editing with color grading
✨ Audio balancing in video editing
✨ Fast paced video editing for retention

🌟 WHY CHOOSE ME AS YOUR VIDEO EDITOR 🌟
✅ Experienced video editor with strong video editing skills
✅ Reliable video editor with fast video editing delivery
✅ Clear communication from a professional video editor
✅ Custom video editing based on your needs
✅ Detail focused video editor delivering quality video editing

🛠 TOOLS I USE FOR VIDEO EDITING

1. Adobe Premiere Pro for video editing
2. DaVinci Resolve for video editing and color
3. Final Cut Pro for video editing workflows
4. Adobe After Effects for video editing and motion graphics
5. Adobe Photoshop for supporting video editing design
6. Adobe Lightroom for enhancing visuals in video editing

Every video editor should focus on quality, and as a video editor I make sure every video editing project is clean, engaging, and effective.

If you need a video editor who understands modern video editing and delivers strong video editing results, I am here to help.

Send your footage to a video editor you can trust, and get professional video editing that stands out.","Video Editing, Social Video Marketing, Motion Graphics, 2D Animation, Video Post-Editing, Video Color Correction, Video Editing Software, Video Animation, AVS Video Editor, Video Advertising, YouTube, Film Editing, Video Intro & Outro, Adobe Creative Cloud, Promotional Video"
1931919505033063909,Ana Gabriela Y.,Venezuela,Caracas,Americas,14.0,1.0,176.333335,996.52,0,"I specialize in the editing and post-production of audiovisual content for various social media platforms. My work involves selecting the best takes, adding music, sound effects, motion graphics, and polishing every detail to ensure the final result is not only professional but also resonates with the target audience. 

If you work with me, you will get: 
- On-time deliveries: I always meet deadlines, ensuring your content is ready on time for your campaigns and publications.
- Constant communication: I maintain open and fluid communication throughout the project so you are always aware of the progress.
- Accountability and proactiveness: I am committed to every project, paying attention to every detail and suggesting creative solutions to achieve the best possible outcome.","Adobe Premiere Pro, Film Editing, Video Editing, Adobe After Effects, Translation"
1931919505033063909,Ana Gabriela Y.,Venezuela,Caracas,Americas,14.0,1.0,176.333335,996.52,0,"I specialize in the editing and post-production of audiovisual content for various social media platforms. My work involves selecting the best takes, adding music, sound effects, motion graphics, and polishing every detail to ensure the final result is not only professional but also resonates with the target audience. 

If you work with me, you will get: 
- On-time deliveries: I always meet deadlines, ensuring your content is ready on time for your campaigns and publications.
- Constant communication: I maintain open and fluid communication throughout the project so you are always aware of the progress.
- Accountability and proactiveness: I am committed to every project, paying attention to every detail and suggesting creative solutions to achieve the best possible outcome.","Adobe Premiere Pro, Film Editing, Video Editing, Adobe After Effects, Translation"
1863143111349320686,Shams Y.,Pakistan,Kotli,Asia,15.0,1.0,2215.666664,41611.08,5,"🏆 Top Rated Plus - Top 3% Talent on Upwork
⏱️ 2000+ hours worked on Upwork
🚀 10M+ Views Generated for Top Creators & Brands
🏆 3+ Years in Retention & Performance Editing

𝗦𝘁𝗼𝗽 𝗹𝗼𝘀𝗶𝗻𝗴 𝘃𝗶𝗲𝘄𝗲𝗿𝘀 𝗶𝗻 𝘁𝗵𝗲 𝗳𝗶𝗿𝘀𝘁 3 𝘀𝗲𝗰𝗼𝗻𝗱𝘀. Most short-form editors just throw on generic text and emojis. I build data-driven, retention-focused videos designed to hack the algorithm, hold attention, and scale your brand.

Hi! My name is Shams, and I would be happy to help you with:

🎬 Short-Form Video Editing for TikTok, Instagram Reels & YouTube Shorts
🎙️ Podcast & Long-Form Content Repurposing into Viral Clips
📢 UGC & Paid Ads Editing for Meta, Facebook & TikTok Ads

See more details below on my Upwork profile.

🎬 Short-Form Social Media Video Editing:
- TikTok Video Editing: Scroll-stopping content with viral hooks, snappy cuts, and high-retention editing.
- YouTube Shorts Editing: Vertical editing with strong hooks, tight pacing, and engagement-optimized cuts.
- Talking Head Video Editing: Personal brand editing with animated captions and bold titles for creators.

🎙️ Content Repurposing:
- Podcast Clips Editing: Extracting high-impact moments from long episodes into viral short-form clips.
- Zoom & Webinar Repurposing: Turning recordings into platform-ready Reels, Shorts and TikToks.
- Long-Form to Short-Form Editing: Repurposing YouTube videos and interviews into vertical clips.

📢 UGC & Paid Ads Editing:
- UGC Video Editing: Raw footage into high-converting ad creatives for Meta, Facebook and TikTok.
- Meta & Facebook Ads Editing: Direct-response ads with strong hooks for clicks and conversions.
- TikTok Ads Editing: Hook-first ad editing with snappy cuts for TikTok's fast-scroll audience.

🎨 Editing Enhancements:
- Animated Captions & Subtitles: Eye-catching text overlays that boost retention.
- Motion Graphics & After Effects: Custom motion graphics for professional-quality social media content.
- Sound Design & SFX: Music selection and audio cleanup for polished output.
- Color Grading & B-Roll: Cinematic color correction and B-roll integration for brand-consistent visuals.
- Speed Ramps & Transitions: Dynamic cuts and smooth transitions for engaging scroll-stopping content.
- AI-Assisted Video Editing: Modern AI workflows for faster turnaround and better visuals.

👥 Who I Work With:
- Creators & Influencers
- Coaches & Course Creators
- Ecommerce & DTC Brands
- Agencies & Businesses

🌟 Here's What My Clients Say:
💬 ""Want a video editor? This guy is him! He can make an ugly video amazing and viral. I would 100% recommend him!""
💬 ""You'd be insane for not choosing Shams — highly reliable, excellent editor and can work autonomously. It's a no brainer.""
💬 ""Reliable, good communication and efficient in solving problems.""

🚀 Ready to scale your views while freeing up your time? Click the ""Invite to Job"" button on the top right, and let's work!

🔧 EXPERTISE:
Short-Form Video Editor | TikTok Video Editor | Instagram Reels Editing | YouTube Video Editor | UGC Video Editor | Meta Ads Video Editor | Podcast Repurposing Editor | Content Repurposing | Retention Video Editing | Hook-Based Editing | Social Media Video Editor | Pacing-Focused Editing | Vertical Video Editing | Ecommerce Ads Editing | Personal Brand Video Editing | B-Roll Editing | Platform-Optimized Video

Last Updated: Sep 27, 2026","Video Editing, Video Post-Editing, Video Production, YouTube Video, YouTube Shorts, TikTok Ad, TikTok Video, Short Video Ad, Instagram Reels, Social Media Content Creation, Social Media Management, Social Media Marketing, Motion Graphics, Video Editing & Production, Adobe Premiere Pro, Adobe After Effects, Video Intro & Outro, Testimonial Video, Video Marketing, AVS Video Editor"
1863143111349320686,Shams Y.,Pakistan,Kotli,Asia,15.0,1.0,2215.666664,41611.08,5,"🏆 Top Rated Plus - Top 3% Talent on Upwork
⏱️ 2000+ hours worked on Upwork
🚀 10M+ Views Generated for Top Creators & Brands
🏆 3+ Years in Retention & Performance Editing

𝗦𝘁𝗼𝗽 𝗹𝗼𝘀𝗶𝗻𝗴 𝘃𝗶𝗲𝘄𝗲𝗿𝘀 𝗶𝗻 𝘁𝗵𝗲 𝗳𝗶𝗿𝘀𝘁 3 𝘀𝗲𝗰𝗼𝗻𝗱𝘀. Most short-form editors just throw on generic text and emojis. I build data-driven, retention-focused videos designed to hack the algorithm, hold attention, and scale your brand.

Hi! My name is Shams, and I would be happy to help you with:

🎬 Short-Form Video Editing for TikTok, Instagram Reels & YouTube Shorts
🎙️ Podcast & Long-Form Content Repurposing into Viral Clips
📢 UGC & Paid Ads Editing for Meta, Facebook & TikTok Ads

See more details below on my Upwork profile.

🎬 Short-Form Social Media Video Editing:
- TikTok Video Editing: Scroll-stopping content with viral hooks, snappy cuts, and high-retention editing.
- YouTube Shorts Editing: Vertical editing with strong hooks, tight pacing, and engagement-optimized cuts.
- Talking Head Video Editing: Personal brand editing with animated captions and bold titles for creators.

🎙️ Content Repurposing:
- Podcast Clips Editing: Extracting high-impact moments from long episodes into viral short-form clips.
- Zoom & Webinar Repurposing: Turning recordings into platform-ready Reels, Shorts and TikToks.
- Long-Form to Short-Form Editing: Repurposing YouTube videos and interviews into vertical clips.

📢 UGC & Paid Ads Editing:
- UGC Video Editing: Raw footage into high-converting ad creatives for Meta, Facebook and TikTok.
- Meta & Facebook Ads Editing: Direct-response ads with strong hooks for clicks and conversions.
- TikTok Ads Editing: Hook-first ad editing with snappy cuts for TikTok's fast-scroll audience.

🎨 Editing Enhancements:
- Animated Captions & Subtitles: Eye-catching text overlays that boost retention.
- Motion Graphics & After Effects: Custom motion graphics for professional-quality social media content.
- Sound Design & SFX: Music selection and audio cleanup for polished output.
- Color Grading & B-Roll: Cinematic color correction and B-roll integration for brand-consistent visuals.
- Speed Ramps & Transitions: Dynamic cuts and smooth transitions for engaging scroll-stopping content.
- AI-Assisted Video Editing: Modern AI workflows for faster turnaround and better visuals.

👥 Who I Work With:
- Creators & Influencers
- Coaches & Course Creators
- Ecommerce & DTC Brands
- Agencies & Businesses

🌟 Here's What My Clients Say:
💬 ""Want a video editor? This guy is him! He can make an ugly video amazing and viral. I would 100% recommend him!""
💬 ""You'd be insane for not choosing Shams — highly reliable, excellent editor and can work autonomously. It's a no brainer.""
💬 ""Reliable, good communication and efficient in solving problems.""

🚀 Ready to scale your views while freeing up your time? Click the ""Invite to Job"" button on the top right, and let's work!

🔧 EXPERTISE:
Short-Form Video Editor | TikTok Video Editor | Instagram Reels Editing | YouTube Video Editor | UGC Video Editor | Meta Ads Video Editor | Podcast Repurposing Editor | Content Repurposing | Retention Video Editing | Hook-Based Editing | Social Media Video Editor | Pacing-Focused Editing | Vertical Video Editing | Ecommerce Ads Editing | Personal Brand Video Editing | B-Roll Editing | Platform-Optimized Video

Last Updated: Sep 27, 2026","Video Editing, Video Post-Editing, Video Production, YouTube Video, YouTube Shorts, TikTok Ad, TikTok Video, Short Video Ad, Instagram Reels, Social Media Content Creation, Social Media Management, Social Media Marketing, Motion Graphics, Video Editing & Production, Adobe Premiere Pro, Adobe After Effects, Video Intro & Outro, Testimonial Video, Video Marketing, AVS Video Editor"
1964373326445156460,Muhammad  Q.,Pakistan,Dera Ghazi Khan,Asia,5.0,0.90045,2119.166668,20847.24,44,"I'm a professional video editor and designer with over a year of experience, a creative mindset, and fluency in English. My goal is to transform your ideas and business objectives into impactful, high-quality videos. Every project begins with understanding your vision before executing it to perfection.  

My Expertise:

YouTube Video Editing (Vlogs, Documentaries, Cash Cow, Educational, Gaming, etc.)  
Social Media Video Editing (Reels, TikTok, YouTube Shorts)  
UGC Video Editing 
Video Ad Editing (Promotional & Commercial Content)  
Motion Graphics & Animated Elements  
Logo Intros, Animated Logos, and Text Animations
Thumbnail Design  
Social Media Marketing & Management  

Tools I Use: 

✅ Adobe Premiere Pro  
✅ Adobe After Effects  
✅ Adobe Photoshop  
✅ Canva  
✅ CapCut  
✅ DaVinci Resolve  
✅ Trello, Asana, Slack  

Key Skills:

 YouTube & TikTok Videos | Facebook Ads | UGC Content | Promo Videos  
 YouTube Shorts | Instagram Reels | Facebook Reels | Motion Graphics  
 Explainer Videos | Documentary Editing | Vlogs | Tutorials  
 Thumbnails | Animated Captions | Video Effects | Social Media Management  

Let’s create something amazing together! ","Video Editing, Video Editing & Production, Video Editing Plugin, Video Editing Software, AVS Video Editor, 360-Degree Video Editing, YouTube Automation, Instagram Reels, Short Video, Adobe Premiere Pro, Wedding & Event Video, Video Animation, Documentary Video, History, Podcast Editing"
1964373326445156460,Muhammad  Q.,Pakistan,Dera Ghazi Khan,Asia,5.0,0.90045,2119.166668,20847.24,44,"I'm a professional video editor and designer with over a year of experience, a creative mindset, and fluency in English. My goal is to transform your ideas and business objectives into impactful, high-quality videos. Every project begins with understanding your vision before executing it to perfection.  

My Expertise:

YouTube Video Editing (Vlogs, Documentaries, Cash Cow, Educational, Gaming, etc.)  
Social Media Video Editing (Reels, TikTok, YouTube Shorts)  
UGC Video Editing 
Video Ad Editing (Promotional & Commercial Content)  
Motion Graphics & Animated Elements  
Logo Intros, Animated Logos, and Text Animations
Thumbnail Design  
Social Media Marketing & Management  

Tools I Use: 

✅ Adobe Premiere Pro  
✅ Adobe After Effects  
✅ Adobe Photoshop  
✅ Canva  
✅ CapCut  
✅ DaVinci Resolve  
✅ Trello, Asana, Slack  

Key Skills:

 YouTube & TikTok Videos | Facebook Ads | UGC Content | Promo Videos  
 YouTube Shorts | Instagram Reels | Facebook Reels | Motion Graphics  
 Explainer Videos | Documentary Editing | Vlogs | Tutorials  
 Thumbnails | Animated Captions | Video Effects | Social Media Management  

Let’s create something amazing together! ","Video Editing, Video Editing & Production, Video Editing Plugin, Video Editing Software, AVS Video Editor, 360-Degree Video Editing, YouTube Automation, Instagram Reels, Short Video, Adobe Premiere Pro, Wedding & Event Video, Video Animation, Documentary Video, History, Podcast Editing"
1509589348294004736,Pulkit A.,India,New Delhi,Asia,7.0,1.0,234.0,2003.0,1,"As a video editor, I turn raw footage into polished videos that engage viewers. I use the latest editing tools and adapt my style to fit each client's needs. I’ve worked with popular channels like Ishan Sharma (1.5M+ subscribers), MIKEV (500K+), and Urban Body Jewelry (89K+), as well as influencer Robert Francis (475K+ followers on TikTok). My work has garnered thousands of views, and I’ve also collaborated with IIT Kanpur, one of India’s top college.","Social Media Video, Video Editing, Video Post-Editing, Adobe Premiere Pro, Instagram Story, Subtitle Edit, TikTok, Photo Editing, Instagram, English, AVS Video Editor"
1509589348294004736,Pulkit A.,India,New Delhi,Asia,7.0,1.0,234.0,2003.0,1,"As a video editor, I turn raw footage into polished videos that engage viewers. I use the latest editing tools and adapt my style to fit each client's needs. I’ve worked with popular channels like Ishan Sharma (1.5M+ subscribers), MIKEV (500K+), and Urban Body Jewelry (89K+), as well as influencer Robert Francis (475K+ followers on TikTok). My work has garnered thousands of views, and I’ve also collaborated with IIT Kanpur, one of India’s top college.","Social Media Video, Video Editing, Video Post-Editing, Adobe Premiere Pro, Instagram Story, Subtitle Edit, TikTok, Photo Editing, Instagram, English, AVS Video Editor"
1810586956017217536,The D.,Vietnam,Bac Giang,Asia,15.0,1.0,0.0,4812.75,0,"Hi there!

Are you looking for an experienced video editor who can create viral social media content while staying within your budget?

I am a professional video editor with over 3 years of experience specializing in high-end software such as DaVinci Resolve, Adobe After Effects, and Premiere Pro. I have extensive expertise in producing high-performing content specifically tailored for YouTube and TikTok.

One of my standout achievements includes helping a client build a YouTube channel from scratch to 128,000 subscribers. This channel generates significant monthly revenue and remains highly active today.

With a track record of videos reaching hundreds of thousands to over a million views, I am confident I can deliver results for you. If you’re interested, please feel free to contact me—I’d be happy to share my portfolio and proof of my past work.

Thank you for visiting my profile. I look forward to the opportunity to collaborate and provide you with top-quality results.

Best regards,

✔️ VanThe","Video Editing, DaVinci Resolve, Video Editing & Production, 2D Animation, Film & Video, Film Editing, Video Advertising, YouTube, Video Intro & Outro, AVS Video Editor, Video Editing Software, Video Post-Editing, Promotional Video, Adobe Creative Cloud, Video Color Correction"
1810586956017217536,The D.,Vietnam,Bac Giang,Asia,15.0,1.0,0.0,4812.75,0,"Hi there!

Are you looking for an experienced video editor who can create viral social media content while staying within your budget?

I am a professional video editor with over 3 years of experience specializing in high-end software such as DaVinci Resolve, Adobe After Effects, and Premiere Pro. I have extensive expertise in producing high-performing content specifically tailored for YouTube and TikTok.

One of my standout achievements includes helping a client build a YouTube channel from scratch to 128,000 subscribers. This channel generates significant monthly revenue and remains highly active today.

With a track record of videos reaching hundreds of thousands to over a million views, I am confident I can deliver results for you. If you’re interested, please feel free to contact me—I’d be happy to share my portfolio and proof of my past work.

Thank you for visiting my profile. I look forward to the opportunity to collaborate and provide you with top-quality results.

Best regards,

✔️ VanThe","Video Editing, DaVinci Resolve, Video Editing & Production, 2D Animation, Film & Video, Film Editing, Video Advertising, YouTube, Video Intro & Outro, AVS Video Editor, Video Editing Software, Video Post-Editing, Promotional Video, Adobe Creative Cloud, Video Color Correction"
790519414419730432,Sara C.,Spain,Cotillas,Europe,15.0,0.0,56.500001,1889.93,4,"Hi! I’m Sara, a Spanish video editor with 8+ years of experience creating engaging content for Instagram, TikTok, YouTube, and brand campaigns. I worked 4+ years at Bored Panda as a cross-platform video editor, producing high-volume, high-quality viral videos. I also spent 5 years editing for Susana Yábar, one of the top Spanish fitness creators, handling workouts, lifestyle, and wellness content.

I’m fast, detail-oriented, and great at shaping raw footage into scroll-stopping, clean, dynamic edits. Whether it’s short-form Reels/TikToks or long-form YouTube storytelling, I know how to keep viewers watching.","Castilian Spanish, Subtitles, Translation, Social Media Content, English to Spanish Translation, Spanish to English Translation, Photography, Subtitle Edit, Voice-Over, Video Editing, Music Video, Communications, Social Media Management, Video Strategy, Video Post-Editing"
790519414419730432,Sara C.,Spain,Cotillas,Europe,15.0,0.0,56.500001,1889.93,4,"Hi! I’m Sara, a Spanish video editor with 8+ years of experience creating engaging content for Instagram, TikTok, YouTube, and brand campaigns. I worked 4+ years at Bored Panda as a cross-platform video editor, producing high-volume, high-quality viral videos. I also spent 5 years editing for Susana Yábar, one of the top Spanish fitness creators, handling workouts, lifestyle, and wellness content.

I’m fast, detail-oriented, and great at shaping raw footage into scroll-stopping, clean, dynamic edits. Whether it’s short-form Reels/TikToks or long-form YouTube storytelling, I know how to keep viewers watching.","Castilian Spanish, Subtitles, Translation, Social Media Content, English to Spanish Translation, Spanish to English Translation, Photography, Subtitle Edit, Voice-Over, Video Editing, Music Video, Communications, Social Media Management, Video Strategy, Video Post-Editing"
2056728582757735802,Malik S.,Pakistan,Hassan Abdal,Asia,11.0,1.0,66.999998,2045.76,2,"Weak hooks, slow pacing, and low retention are the biggest reasons short-form content underperforms. My editing focuses on solving exactly that, fast-paced, retention-driven edits built for how people actually watch on TikTok, Reels, and Shorts.
Over the past 4 years I've edited short-form and long-form content for agencies, media companies, coaches, and creators, including consistent work with Los Angeles-based company Last Shot Media, Producing Reels, Shorts, and creator-style content for fitness and finance creators. Additionally i worked as a freelancer with agencies like Gfxstudio and Ubex covered YouTube editing, social content, ads, and short-form videos for brands

Some results from recent work:
_Edited 50+ short-form videos per month for ongoing agency clients
_Delivered 100+ edits in a single month on a higher volume, lower-complexity project
_Multiple edited videos have crossed millions of views, several recent edits have hit thousands of views within days

What I bring to every project:
_Fast, clean cuts built around retention and pacing
_Motion graphics, animated subtitles, and sound design
_Platform-specific editing (TikTok, Reels, Shorts, YouTube)
_Quick turnaround without sacrificing quality

Tools: Adobe Premiere Pro, After Effects, CapCut
If you need an editor who understands what keeps viewers watching, let's talk about your project.","Video Editing, Video Post-Editing, Video Production, Adobe Premiere Pro, Adobe After Effects, Motion Graphics, Short Video Ad, Video Animation, Video Intro & Outro, Instagram Reels, YouTube Shorts, Documentary Video, Real Estate Video, AVS Video Editor, TikTok Video, CapCut"
2056728582757735802,Malik S.,Pakistan,Hassan Abdal,Asia,11.0,1.0,66.999998,2045.76,2,"Weak hooks, slow pacing, and low retention are the biggest reasons short-form content underperforms. My editing focuses on solving exactly that, fast-paced, retention-driven edits built for how people actually watch on TikTok, Reels, and Shorts.
Over the past 4 years I've edited short-form and long-form content for agencies, media companies, coaches, and creators, including consistent work with Los Angeles-based company Last Shot Media, Producing Reels, Shorts, and creator-style content for fitness and finance creators. Additionally i worked as a freelancer with agencies like Gfxstudio and Ubex covered YouTube editing, social content, ads, and short-form videos for brands

Some results from recent work:
_Edited 50+ short-form videos per month for ongoing agency clients
_Delivered 100+ edits in a single month on a higher volume, lower-complexity project
_Multiple edited videos have crossed millions of views, several recent edits have hit thousands of views within days

What I bring to every project:
_Fast, clean cuts built around retention and pacing
_Motion graphics, animated subtitles, and sound design
_Platform-specific editing (TikTok, Reels, Shorts, YouTube)
_Quick turnaround without sacrificing quality

Tools: Adobe Premiere Pro, After Effects, CapCut
If you need an editor who understands what keeps viewers watching, let's talk about your project.","Video Editing, Video Post-Editing, Video Production, Adobe Premiere Pro, Adobe After Effects, Motion Graphics, Short Video Ad, Video Animation, Video Intro & Outro, Instagram Reels, YouTube Shorts, Documentary Video, Real Estate Video, AVS Video Editor, TikTok Video, CapCut"
1711003184242618368,Vinh N.,Vietnam,Ho Chi Minh City,Asia,19.99,1.0,0.0,1744.31,0,"
🚀 I'll help you boost 𝐒𝐀𝐋𝐄𝐒 and enhance 𝐁𝐑𝐀𝐍𝐃 awareness through engaging 𝕊ℍ𝕆ℝ𝕋-𝕃𝕆ℕ𝔾 form video content 
⌛ 𝑺𝑶𝑳𝑽𝑬 every ̶P̶R̶O̶B̶L̶E̶M̶ & 𝙎𝘼𝙏𝙄𝙎𝙁𝙔 your 𝙀𝙓𝙋𝙀𝘾𝙏𝘼𝙏𝙄𝙊𝙉𝙎
😌𝐍𝐎 𝐍𝐄𝐄𝐃 𝐓𝐎 𝐒𝐓𝐑𝐄𝐒𝐒 𝐎𝐕𝐄𝐑 𝐃𝐄𝐀𝐃𝐋𝐈𝐍𝐄𝐒 𝐎𝐑 𝐑𝐄𝐕𝐈𝐒𝐈𝐎𝐍𝐒
🥰𝐈'𝐋𝐋 𝐌𝐀𝐊𝐄 𝐒𝐔𝐑𝐄 𝐈𝐓'𝐒 𝐃𝐎𝐍𝐄 𝐑𝐈𝐆𝐇𝐓
😍𝐘𝐎𝐔𝐑 𝐕𝐈𝐒𝐈𝐎𝐍 𝐂𝐎𝐌𝐈𝐍𝐆 𝐓𝐎 𝐋𝐈𝐅𝐄 𝐈𝐒 𝐖𝐇𝐀𝐓 𝐃𝐑𝐈𝐕𝐄𝐒 𝐄𝐕𝐄𝐑𝐘𝐓𝐇𝐈𝐍𝐆 𝐈 𝐃𝐎!!!

Most other editors say what they can do,

But I don't.

I do what I can say; I do what can solve your problem. 

So let me show you that through the TEST 

💭𝑪𝒖𝒔𝒕𝒐𝒎𝒆𝒓 𝒇𝒆𝒆𝒅𝒃𝒂𝒄𝒌!
⭐⭐⭐⭐⭐
""Just what I needed! The process was smooth, and the project was completed within my desired timeline. I’ll definitely use this service again in the future. Thanks!""

⭐⭐⭐⭐⭐
""Reliable and punctual. So, that's what Vinh delivers for you.""

⭐⭐⭐⭐⭐
""Vinh was incredibly helpful in creating our end-of-year nonprofit video. He took our script and assets and transformed them into a polished, professional video that I’m excited to share with our supporters. He made all the edits we requested, and our team is thrilled with the final product. The choice of music and pacing of the video are spot on. We would definitely love to work with Vinh again!""

𝐐𝐔𝐈𝐂𝐊 𝐐𝐔𝐄𝐒𝐓𝐈𝐎𝐍 𝐅𝐎𝐑 𝐘𝐎𝐔: 
𝙒𝑯𝘼𝑻'𝑺 𝒀𝙊𝑼𝙍 𝘽𝑰𝙂𝑮𝙀𝑺𝙏 𝘾𝑯𝘼𝑳𝙇𝑬𝙉𝑮𝙀 𝙍𝑰𝙂𝑯𝙏 𝙉𝑶𝙒? Tell me, and I'll take it off your hands so you can focus on your time, your brand, and your profits.

AND I PROMISE - YOU’LL LOVE IT 

𝕄𝕖𝕤𝕤𝕒𝕘𝕖 𝕞𝕖 📩
Vinh","YouTube, Video Editing & Production, Video Editing Software, Video Post-Editing, Video Animation, Film Editing, Video Editing, Video Color Correction, Video Advertising, 2D Animation, AVS Video Editor, Video Intro & Outro, Promotional Video, Adobe Creative Cloud, Film & Video"
1711003184242618368,Vinh N.,Vietnam,Ho Chi Minh City,Asia,19.99,1.0,0.0,1744.31,0,"
🚀 I'll help you boost 𝐒𝐀𝐋𝐄𝐒 and enhance 𝐁𝐑𝐀𝐍𝐃 awareness through engaging 𝕊ℍ𝕆ℝ𝕋-𝕃𝕆ℕ𝔾 form video content 
⌛ 𝑺𝑶𝑳𝑽𝑬 every ̶P̶R̶O̶B̶L̶E̶M̶ & 𝙎𝘼𝙏𝙄𝙎𝙁𝙔 your 𝙀𝙓𝙋𝙀𝘾𝙏𝘼𝙏𝙄𝙊𝙉𝙎
😌𝐍𝐎 𝐍𝐄𝐄𝐃 𝐓𝐎 𝐒𝐓𝐑𝐄𝐒𝐒 𝐎𝐕𝐄𝐑 𝐃𝐄𝐀𝐃𝐋𝐈𝐍𝐄𝐒 𝐎𝐑 𝐑𝐄𝐕𝐈𝐒𝐈𝐎𝐍𝐒
🥰𝐈'𝐋𝐋 𝐌𝐀𝐊𝐄 𝐒𝐔𝐑𝐄 𝐈𝐓'𝐒 𝐃𝐎𝐍𝐄 𝐑𝐈𝐆𝐇𝐓
😍𝐘𝐎𝐔𝐑 𝐕𝐈𝐒𝐈𝐎𝐍 𝐂𝐎𝐌𝐈𝐍𝐆 𝐓𝐎 𝐋𝐈𝐅𝐄 𝐈𝐒 𝐖𝐇𝐀𝐓 𝐃𝐑𝐈𝐕𝐄𝐒 𝐄𝐕𝐄𝐑𝐘𝐓𝐇𝐈𝐍𝐆 𝐈 𝐃𝐎!!!

Most other editors say what they can do,

But I don't.

I do what I can say; I do what can solve your problem. 

So let me show you that through the TEST 

💭𝑪𝒖𝒔𝒕𝒐𝒎𝒆𝒓 𝒇𝒆𝒆𝒅𝒃𝒂𝒄𝒌!
⭐⭐⭐⭐⭐
""Just what I needed! The process was smooth, and the project was completed within my desired timeline. I’ll definitely use this service again in the future. Thanks!""

⭐⭐⭐⭐⭐
""Reliable and punctual. So, that's what Vinh delivers for you.""

⭐⭐⭐⭐⭐
""Vinh was incredibly helpful in creating our end-of-year nonprofit video. He took our script and assets and transformed them into a polished, professional video that I’m excited to share with our supporters. He made all the edits we requested, and our team is thrilled with the final product. The choice of music and pacing of the video are spot on. We would definitely love to work with Vinh again!""

𝐐𝐔𝐈𝐂𝐊 𝐐𝐔𝐄𝐒𝐓𝐈𝐎𝐍 𝐅𝐎𝐑 𝐘𝐎𝐔: 
𝙒𝑯𝘼𝑻'𝑺 𝒀𝙊𝑼𝙍 𝘽𝑰𝙂𝑮𝙀𝑺𝙏 𝘾𝑯𝘼𝑳𝙇𝑬𝙉𝑮𝙀 𝙍𝑰𝙂𝑯𝙏 𝙉𝑶𝙒? Tell me, and I'll take it off your hands so you can focus on your time, your brand, and your profits.

AND I PROMISE - YOU’LL LOVE IT 

𝕄𝕖𝕤𝕤𝕒𝕘𝕖 𝕞𝕖 📩
Vinh","YouTube, Video Editing & Production, Video Editing Software, Video Post-Editing, Video Animation, Film Editing, Video Editing, Video Color Correction, Video Advertising, 2D Animation, AVS Video Editor, Video Intro & Outro, Promotional Video, Adobe Creative Cloud, Film & Video"
1887514616920773546,Saria H.,Pakistan,Dera Ghazi Khan,Asia,5.0,0.93025,777.166667,7200.79,24,"I'm a professional video editor and designer with over a year of experience, a creative mindset, and fluency in English. My goal is to transform your ideas and business objectives into impactful, high-quality videos. Every project begins with understanding your vision before executing it to perfection.  

My Expertise:

✔ YouTube Video Editing (Vlogs, Documentaries, Cash Cow, Educational, Gaming, etc.)  
✔ Social Media Video Editing (Reels, TikTok, YouTube Shorts)  
✔ UGC Video Editing 
✔ Video Ad Editing (Promotional & Commercial Content)  
✔ Motion Graphics & Animated Elements  
✔ Logo Intros, Animated Logos, and Text Animations
✔ Thumbnail Design  
✔ Social Media Marketing & Management  

Tools I Use: 

✅ Adobe Premiere Pro  
✅ Adobe After Effects  
✅ Adobe Photoshop  
✅ Canva  
✅ CapCut  
✅ DaVinci Resolve  
✅ Trello, Asana, Slack  

Key Skills:

YouTube Videos • TikTok • Reels • Shorts • Facebook Ads • UGC • Motion Graphics • Documentaries • Vlogs • Tutorials • Animated Captions • Thumbnails • Social Media Management

Let’s create something amazing together! ","Video Editing Software, Video Editing, Adobe Premiere Pro, Video Editing & Production, YouTube Automation, Wedding & Event Video, Instagram Reels, Video Animation, Video Production, Short Video, YouTube Video, Video Editing Plugin, 360-Degree Video, AVS Video Editor, 360-Degree Video Editing, Documentary, Documentary Video, Podcast Editing, Podcast, Travel Video"
1887514616920773546,Saria H.,Pakistan,Dera Ghazi Khan,Asia,5.0,0.93025,777.166667,7200.79,24,"I'm a professional video editor and designer with over a year of experience, a creative mindset, and fluency in English. My goal is to transform your ideas and business objectives into impactful, high-quality videos. Every project begins with understanding your vision before executing it to perfection.  

My Expertise:

✔ YouTube Video Editing (Vlogs, Documentaries, Cash Cow, Educational, Gaming, etc.)  
✔ Social Media Video Editing (Reels, TikTok, YouTube Shorts)  
✔ UGC Video Editing 
✔ Video Ad Editing (Promotional & Commercial Content)  
✔ Motion Graphics & Animated Elements  
✔ Logo Intros, Animated Logos, and Text Animations
✔ Thumbnail Design  
✔ Social Media Marketing & Management  

Tools I Use: 

✅ Adobe Premiere Pro  
✅ Adobe After Effects  
✅ Adobe Photoshop  
✅ Canva  
✅ CapCut  
✅ DaVinci Resolve  
✅ Trello, Asana, Slack  

Key Skills:

YouTube Videos • TikTok • Reels • Shorts • Facebook Ads • UGC • Motion Graphics • Documentaries • Vlogs • Tutorials • Animated Captions • Thumbnails • Social Media Management

Let’s create something amazing together! ","Video Editing Software, Video Editing, Adobe Premiere Pro, Video Editing & Production, YouTube Automation, Wedding & Event Video, Instagram Reels, Video Animation, Video Production, Short Video, YouTube Video, Video Editing Plugin, 360-Degree Video, AVS Video Editor, 360-Degree Video Editing, Documentary, Documentary Video, Podcast Editing, Podcast, Travel Video"
2016807876167195748,Umair T.,Pakistan,Islamabad,Asia,10.0,1.0,76.833333,4827.07,1,"Hey!
I’m Muhammad Umair, a full-time freelance video editor with strong experience in creating high-quality content for YouTube, Instagram, and other social media platforms. I focus on delivering videos that not only look professional but also keep viewers engaged and improve overall performance.

Whether you need simple editing or a complete video built from scratch, I can help bring your ideas to life with clean visuals, smooth pacing, and attention to detail.

I specialize in:
Adobe Premiere Pro
Adobe After Effects
DaVinci Resolve
Adobe Photoshop

With these tools, I provide a full range of post-production services, including:
Video editing
Motion graphics
Color grading and correction
Audio editing and mixing
Visual effects
YouTube video editing

I work across different types of content, such as:
YouTube videos (long-form and short-form)
Social media content (Reels, TikTok, Shorts)
Talking-head videos
Faceless videos
Documentary-style edits
Promotional and advertising content

Thank you for your time and consideration. I look forward to working with you and creating content that meets your goals.

Muhammad Umair","Video Editing, Social Video Marketing, Motion Graphics, 2D Animation, Video Post-Editing, Video Color Correction, Video Editing Software, Video Animation, AVS Video Editor, Video Advertising, YouTube, Film Editing, Video Intro & Outro, Promotional Video, Promotional Video Script, Adobe Creative Cloud"
2016807876167195748,Umair T.,Pakistan,Islamabad,Asia,10.0,1.0,76.833333,4827.07,1,"Hey!
I’m Muhammad Umair, a full-time freelance video editor with strong experience in creating high-quality content for YouTube, Instagram, and other social media platforms. I focus on delivering videos that not only look professional but also keep viewers engaged and improve overall performance.

Whether you need simple editing or a complete video built from scratch, I can help bring your ideas to life with clean visuals, smooth pacing, and attention to detail.

I specialize in:
Adobe Premiere Pro
Adobe After Effects
DaVinci Resolve
Adobe Photoshop

With these tools, I provide a full range of post-production services, including:
Video editing
Motion graphics
Color grading and correction
Audio editing and mixing
Visual effects
YouTube video editing

I work across different types of content, such as:
YouTube videos (long-form and short-form)
Social media content (Reels, TikTok, Shorts)
Talking-head videos
Faceless videos
Documentary-style edits
Promotional and advertising content

Thank you for your time and consideration. I look forward to working with you and creating content that meets your goals.

Muhammad Umair","Video Editing, Social Video Marketing, Motion Graphics, 2D Animation, Video Post-Editing, Video Color Correction, Video Editing Software, Video Animation, AVS Video Editor, Video Advertising, YouTube, Film Editing, Video Intro & Outro, Promotional Video, Promotional Video Script, Adobe Creative Cloud"
1719173731924971520,Shahid  R.,Pakistan,Jalalpur Pirwala,Asia,5.0,1.0,478.833333,7544.72,1,"YouTube Automation |Faceless Video Editor| Short Form Video Editor    
Looking for a professional YouTube video editor who understands both editing and YouTube growth? You're in the right place.

I specialize in creating high-retention, faceless YouTube videos that keep viewers engaged and help channels grow organically. My editing style is designed for YouTube automation channels combining compelling storytelling, cinematic pacing, engaging visuals, and clean motion graphics to maximize watch time.

Whether you're building a brand-new channel or scaling an established one, I can transform your script and voice-over into a polished, professional video that stands out.

### My Video Editing Services

* YouTube Automation Videos
* Faceless Documentary Videos
* Celebrity Biography Videos
* History & Mystery Videos
* Business & Finance Videos
* Health & Medical Videos
* Crime & Investigation Videos
* AI-Generated Content Editing
* Educational & Explainer Videos
* Top 10 & Listicle Videos

### What You'll Get

* Professional Storytelling Edit
* High-Retention Video Structure
* Premium Stock Footage & Images
* Motion Graphics & Animated Infographics
* Dynamic Text Animations
* Smooth Transitions
* Sound Design & Cinematic Background Music
* Color Correction & Enhancement
* Copyright-Safe Content
* 1080p / 4K Export
* Fast Delivery
* Unlimited Revisions (within project scope)

### Software & AI Tools

* Adobe Premiere Pro
* Adobe After Effects
* CapCut Pro
* ElevenLabs
* ChatGPT
* Runway
* Pika
* Sora
* Midjourney
* Leonardo AI
* Envato Elements
* Storyblocks
* Kling ai 
* HeyGen AI
* Seedance 
* Higgsfield
### Why Clients Choose Me

✔ High-retention editing focused on audience engagement
✔ SEO-friendly understanding of YouTube content strategy
✔ Fast communication and on-time delivery
✔ Attention to detail and cinematic storytelling
✔ Experience across multiple YouTube niches
✔ Reliable long-term collaboration

If you're looking for a YYouTube Automation |Faceless Video Editor| Short Form Video Editor    , I'd love to help bring your content to life.
Let's create videos that attract more views, increase watch time, and help your channel grow.
Shahid Raza
","YouTube Video, Video Editing, TikTok Video, Video Production, Video Editing & Production, Video Post-Editing, Adobe Premiere Pro, Instagram Reels, YouTube Automation, Video Editing Software, Content Creation, Content Editing, Social Media Content Creation, Documentary Video, Short Video, Short Video Ad, Video Ad, Video Enhancement, Video Upload, AVS Video Editor"
1719173731924971520,Shahid  R.,Pakistan,Jalalpur Pirwala,Asia,5.0,1.0,478.833333,7544.72,1,"YouTube Automation |Faceless Video Editor| Short Form Video Editor    
Looking for a professional YouTube video editor who understands both editing and YouTube growth? You're in the right place.

I specialize in creating high-retention, faceless YouTube videos that keep viewers engaged and help channels grow organically. My editing style is designed for YouTube automation channels combining compelling storytelling, cinematic pacing, engaging visuals, and clean motion graphics to maximize watch time.

Whether you're building a brand-new channel or scaling an established one, I can transform your script and voice-over into a polished, professional video that stands out.

### My Video Editing Services

* YouTube Automation Videos
* Faceless Documentary Videos
* Celebrity Biography Videos
* History & Mystery Videos
* Business & Finance Videos
* Health & Medical Videos
* Crime & Investigation Videos
* AI-Generated Content Editing
* Educational & Explainer Videos
* Top 10 & Listicle Videos

### What You'll Get

* Professional Storytelling Edit
* High-Retention Video Structure
* Premium Stock Footage & Images
* Motion Graphics & Animated Infographics
* Dynamic Text Animations
* Smooth Transitions
* Sound Design & Cinematic Background Music
* Color Correction & Enhancement
* Copyright-Safe Content
* 1080p / 4K Export
* Fast Delivery
* Unlimited Revisions (within project scope)

### Software & AI Tools

* Adobe Premiere Pro
* Adobe After Effects
* CapCut Pro
* ElevenLabs
* ChatGPT
* Runway
* Pika
* Sora
* Midjourney
* Leonardo AI
* Envato Elements
* Storyblocks
* Kling ai 
* HeyGen AI
* Seedance 
* Higgsfield
### Why Clients Choose Me

✔ High-retention editing focused on audience engagement
✔ SEO-friendly understanding of YouTube content strategy
✔ Fast communication and on-time delivery
✔ Attention to detail and cinematic storytelling
✔ Experience across multiple YouTube niches
✔ Reliable long-term collaboration

If you're looking for a YYouTube Automation |Faceless Video Editor| Short Form Video Editor    , I'd love to help bring your content to life.
Let's create videos that attract more views, increase watch time, and help your channel grow.
Shahid Raza
","YouTube Video, Video Editing, TikTok Video, Video Production, Video Editing & Production, Video Post-Editing, Adobe Premiere Pro, Instagram Reels, YouTube Automation, Video Editing Software, Content Creation, Content Editing, Social Media Content Creation, Documentary Video, Short Video, Short Video Ad, Video Ad, Video Enhancement, Video Upload, AVS Video Editor"
1246419553172197376,Arham K.,Pakistan,Karachi,Asia,25.0,0.97335,2071.5,0.0,4,"I'm Arham Khan, a full-time Video Editor with 7+ years of experience editing long-form and short-form content for YouTube, Instagram, TikTok, and other social platforms.

🏆 Top Rated on Upwork
📊 20M+ views generated across channels I've edited for
🤝 Trusted by creators, brands, and businesses

I mainly specialize in:

✅ Short-form video editing
✅ YouTube video editing
✅ Content for realtors and service-based businesses
✅ Talking-head and personal brand content
✅ Faceless and documentary-style videos

For short-form content, I focus on strong pacing, captions, B-roll, sound effects, motion graphics, and keeping the viewer engaged.

For YouTube, I edit talking-head videos, documentaries, finance/crypto, crime, movie reviews, and other long-form content.

I also work with realtors, coaches, consultants, agencies, and other service-based businesses to turn their raw footage into clean, engaging social media content.

Creators I've worked with:

✅ Nik Keswani — 172K subscribers
✅ OpTicBigTymeR — 738K subscribers
✅ TMG — 16.9K subscribers

What I can help with:

YouTube Long-Form · YouTube Shorts · Instagram Reels · TikTok · Talking Head · Real Estate Content · Personal Brands · Faceless Videos · Motion Graphics · B-roll · Captions · Sound Design

Tools I use:

Adobe Premiere Pro · Adobe After Effects · DaVinci Resolve · Photoshop · Canva · Illustrator

If you're looking for a reliable Video Editor for your YouTube channel, short-form content, or business, send me your project and a sample of your content.","Video Editing, Video Production, Video Animation, Video Sales Letter, Social Media Video, Motion Graphics, YouTube, Video Post-Editing, AVS Video Editor, Adobe After Effects, Video Editing & Production, Short Video, Real Estate Video, Instagram Reels, Social Video Enhancement, Short Video Ad, Video Advertising, Adobe Presenter Video Express, 360-Degree Video Editing"
1246419553172197376,Arham K.,Pakistan,Karachi,Asia,25.0,0.97335,2071.5,0.0,4,"I'm Arham Khan, a full-time Video Editor with 7+ years of experience editing long-form and short-form content for YouTube, Instagram, TikTok, and other social platforms.

🏆 Top Rated on Upwork
📊 20M+ views generated across channels I've edited for
🤝 Trusted by creators, brands, and businesses

I mainly specialize in:

✅ Short-form video editing
✅ YouTube video editing
✅ Content for realtors and service-based businesses
✅ Talking-head and personal brand content
✅ Faceless and documentary-style videos

For short-form content, I focus on strong pacing, captions, B-roll, sound effects, motion graphics, and keeping the viewer engaged.

For YouTube, I edit talking-head videos, documentaries, finance/crypto, crime, movie reviews, and other long-form content.

I also work with realtors, coaches, consultants, agencies, and other service-based businesses to turn their raw footage into clean, engaging social media content.

Creators I've worked with:

✅ Nik Keswani — 172K subscribers
✅ OpTicBigTymeR — 738K subscribers
✅ TMG — 16.9K subscribers

What I can help with:

YouTube Long-Form · YouTube Shorts · Instagram Reels · TikTok · Talking Head · Real Estate Content · Personal Brands · Faceless Videos · Motion Graphics · B-roll · Captions · Sound Design

Tools I use:

Adobe Premiere Pro · Adobe After Effects · DaVinci Resolve · Photoshop · Canva · Illustrator

If you're looking for a reliable Video Editor for your YouTube channel, short-form content, or business, send me your project and a sample of your content.","Video Editing, Video Production, Video Animation, Video Sales Letter, Social Media Video, Motion Graphics, YouTube, Video Post-Editing, AVS Video Editor, Adobe After Effects, Video Editing & Production, Short Video, Real Estate Video, Instagram Reels, Social Video Enhancement, Short Video Ad, Video Advertising, Adobe Presenter Video Express, 360-Degree Video Editing"
1957461088048109640,Tuan Linh T.,Vietnam,Thai Nguyen,Asia,15.0,1.0,1368.166662,12169.99,0,"💥Your videos don't need more random, flashy effects. They need stronger hooks and a strategy that actually drives results.

In the fast-paced world of TikTok, Reels, and Shorts, you have exactly 3 seconds to stop the scroll. But views mean nothing if they don't convert.

I’m a Top-Rated Plus Video Editor (100% Job Success, 1,300+ hours logged) who edits with a marketing mindset. I don't just cut clips together. I dig into your brand's goals and build smooth, high-retention edits designed to boost engagement and drive action.

🎬 What I Build For You:

Performance Ads (TikTok/FB/IG): Hook-driven creatives engineered to grab attention in the first 3 seconds and lower your CPA.

High-Converting UGC & Talking Heads: Authentic content with clean storytelling that builds trust.

Engaging Organic Reels & Shorts: Dynamic, trend-aware edits that boost organic reach and grow your audience.

⚡ The Technical Edge:

Pattern-interrupt hooks & strategic pacing built for the algorithm.

Eye-catching motion graphics & dynamic captions.

Pro-level color grading & immersive audio mixing.

(Tools: Premiere Pro • After Effects • DaVinci Resolve)

🤝 Why Work With Me?
I focus on performance, not just visuals. You get fast delivery, reliable communication, and an editor who genuinely cares about scaling your business.

Let’s make content that actually works. Send me a message or a raw clip, and let's chat about your next project!

Best,
Linh","TikTok Video, Instagram Reels, YouTube Shorts, Social Media Video, Video Editing, Video Animation, Subtitle Edit, Video Ad Campaign, Video Commercial, DaVinci Resolve, AI Video Generation, Video Production, AVS Video Editor, 3D Animation, 2D Animation"
1957461088048109640,Tuan Linh T.,Vietnam,Thai Nguyen,Asia,15.0,1.0,1368.166662,12169.99,0,"💥Your videos don't need more random, flashy effects. They need stronger hooks and a strategy that actually drives results.

In the fast-paced world of TikTok, Reels, and Shorts, you have exactly 3 seconds to stop the scroll. But views mean nothing if they don't convert.

I’m a Top-Rated Plus Video Editor (100% Job Success, 1,300+ hours logged) who edits with a marketing mindset. I don't just cut clips together. I dig into your brand's goals and build smooth, high-retention edits designed to boost engagement and drive action.

🎬 What I Build For You:

Performance Ads (TikTok/FB/IG): Hook-driven creatives engineered to grab attention in the first 3 seconds and lower your CPA.

High-Converting UGC & Talking Heads: Authentic content with clean storytelling that builds trust.

Engaging Organic Reels & Shorts: Dynamic, trend-aware edits that boost organic reach and grow your audience.

⚡ The Technical Edge:

Pattern-interrupt hooks & strategic pacing built for the algorithm.

Eye-catching motion graphics & dynamic captions.

Pro-level color grading & immersive audio mixing.

(Tools: Premiere Pro • After Effects • DaVinci Resolve)

🤝 Why Work With Me?
I focus on performance, not just visuals. You get fast delivery, reliable communication, and an editor who genuinely cares about scaling your business.

Let’s make content that actually works. Send me a message or a raw clip, and let's chat about your next project!

Best,
Linh","TikTok Video, Instagram Reels, YouTube Shorts, Social Media Video, Video Editing, Video Animation, Subtitle Edit, Video Ad Campaign, Video Commercial, DaVinci Resolve, AI Video Generation, Video Production, AVS Video Editor, 3D Animation, 2D Animation"
1571156649311625216,Ezzan S.,Pakistan,Islamabad,Asia,8.0,0.98075,686.833333,76581.64,11,"If you are in search of a Professional YouTube Video Editor for the projects then you are at the right place.
(With Unlimited Revisions)


This is me, Ezzan Shahid, a professional video editor having three and half years of experience in editing YouTube videos. I am good in using Adobe Suite with ENVATO ELEMENTS, Story Blocks, Art Grid to create projects incredible and extra ordinary.

I can serve you with:
• Reels (YouTube, Instagram and TikTok)
• Talking head videos
• Voice over videos
• Green Screen videos
• Real Estate Videos
• Weddings Videos
• Travel Vlogs
• Documentaries
• Interviews
Video Editing is Comprising of:
• Trending Transitions
• Animated Titles
• Color Grading
• Motion Graphics
• Rearranging of Clips
• Shortening of Clips
• Green Screen
• Adding Logos
• Animating Logos
• Adding Sound Effects
• Subtitles
I am up for video files 24/7 in any of the mentioned required formats.

I would love to connect you for the future progress.
Kind Regards,
Ezzan Shahid","Video Editing, YouTube Video, YouTube Shorts, Video Post-Editing, Adobe Premiere Pro, Adobe After Effects, Motion Graphics, Instagram Reels, TikTok Video, Social Media Video, Short Video, Video Animation, Color Grading, Podcast Editing, Storytelling, Video Production, Social Media Content, YouTube, Video Editing & Production, DaVinci Resolve"
1571156649311625216,Ezzan S.,Pakistan,Islamabad,Asia,8.0,0.98075,686.833333,76581.64,11,"If you are in search of a Professional YouTube Video Editor for the projects then you are at the right place.
(With Unlimited Revisions)


This is me, Ezzan Shahid, a professional video editor having three and half years of experience in editing YouTube videos. I am good in using Adobe Suite with ENVATO ELEMENTS, Story Blocks, Art Grid to create projects incredible and extra ordinary.

I can serve you with:
• Reels (YouTube, Instagram and TikTok)
• Talking head videos
• Voice over videos
• Green Screen videos
• Real Estate Videos
• Weddings Videos
• Travel Vlogs
• Documentaries
• Interviews
Video Editing is Comprising of:
• Trending Transitions
• Animated Titles
• Color Grading
• Motion Graphics
• Rearranging of Clips
• Shortening of Clips
• Green Screen
• Adding Logos
• Animating Logos
• Adding Sound Effects
• Subtitles
I am up for video files 24/7 in any of the mentioned required formats.

I would love to connect you for the future progress.
Kind Regards,
Ezzan Shahid","Video Editing, YouTube Video, YouTube Shorts, Video Post-Editing, Adobe Premiere Pro, Adobe After Effects, Motion Graphics, Instagram Reels, TikTok Video, Social Media Video, Short Video, Video Animation, Color Grading, Podcast Editing, Storytelling, Video Production, Social Media Content, YouTube, Video Editing & Production, DaVinci Resolve"
1997165246869040230,Muhammad Hassan I.,Pakistan,Jhang Sadr,Asia,5.0,1.0,200.0,1504.89,4,"Professional Video Editor & Creative Designer

With over a year of practical experience, I blend creativity, precision, and storytelling to transform your ideas into polished, high-impact videos. I focus on understanding your vision and business goals to deliver content that not only looks great but genuinely connects with your audience.

🔹 Services I Provide

✔ YouTube Editing – Vlogs, Documentaries, Cash-Cow, Educational, Gaming & more
✔ Social Media Content – Reels, TikToks, YouTube Shorts
✔ UGC Video Editing – Authentic and engaging brand-focused content
✔ Ads & Promotional Videos – Commercials, Product Ads, Brand Promos
✔ Motion Graphics – Logo Intros, Animated Text, Dynamic Visuals
✔ Thumbnail Design – Attractive and click-worthy designs
✔ Social Media Marketing & Management

 Tools I Use

✅ Adobe Premiere Pro
✅ Adobe After Effects
✅ Adobe Photoshop
✅ DaVinci Resolve
✅ CapCut
✅ Canva
✅ Trello | Asana | Slack

Areas of Expertise

YouTube & TikTok Videos | Facebook Ads | UGC Content | Promo Videos
 Reels & Shorts | Motion Graphics | Explainer Videos | Tutorials | Documentaries
 Thumbnails | Animated Captions | Visual Effects | Social Media Strategy

Let’s work together to bring your ideas to life and create content that stands out!      ","Video Editing, Video Editing & Production, Video Editing Plugin, Video Editing Software, AVS Video Editor, 360-Degree Video Editing, YouTube Automation, Instagram Reels, Short Video, Video Animation, Adobe Premiere Pro, Wedding & Event Video, YouTube Shorts, YouTube Video, Documentary Video, TikTok Video, Video Production"
1997165246869040230,Muhammad Hassan I.,Pakistan,Jhang Sadr,Asia,5.0,1.0,200.0,1504.89,4,"Professional Video Editor & Creative Designer

With over a year of practical experience, I blend creativity, precision, and storytelling to transform your ideas into polished, high-impact videos. I focus on understanding your vision and business goals to deliver content that not only looks great but genuinely connects with your audience.

🔹 Services I Provide

✔ YouTube Editing – Vlogs, Documentaries, Cash-Cow, Educational, Gaming & more
✔ Social Media Content – Reels, TikToks, YouTube Shorts
✔ UGC Video Editing – Authentic and engaging brand-focused content
✔ Ads & Promotional Videos – Commercials, Product Ads, Brand Promos
✔ Motion Graphics – Logo Intros, Animated Text, Dynamic Visuals
✔ Thumbnail Design – Attractive and click-worthy designs
✔ Social Media Marketing & Management

 Tools I Use

✅ Adobe Premiere Pro
✅ Adobe After Effects
✅ Adobe Photoshop
✅ DaVinci Resolve
✅ CapCut
✅ Canva
✅ Trello | Asana | Slack

Areas of Expertise

YouTube & TikTok Videos | Facebook Ads | UGC Content | Promo Videos
 Reels & Shorts | Motion Graphics | Explainer Videos | Tutorials | Documentaries
 Thumbnails | Animated Captions | Visual Effects | Social Media Strategy

Let’s work together to bring your ideas to life and create content that stands out!      ","Video Editing, Video Editing & Production, Video Editing Plugin, Video Editing Software, AVS Video Editor, 360-Degree Video Editing, YouTube Automation, Instagram Reels, Short Video, Video Animation, Adobe Premiere Pro, Wedding & Event Video, YouTube Shorts, YouTube Video, Documentary Video, TikTok Video, Video Production"
1775573140850413568,Abraham M.,Ethiopia,Addis Ababa,Africa,15.0,1.0,2.0,2505.19,0,"Hello! 👋

I've been a creative video editor for more than three years, assisting brands and creators in transforming uncut footage into captivating, high-caliber videos for social media advertisements, YouTube, TikTok, and Instagram.

My area of expertise is producing fluid, captivating edits with expert color correction, clear audio, smooth transitions, and compelling narratives that captivate viewers.

Additionally, I'm an expert in AI-generated videos, producing recognizable AI characters and scenes for faceless YouTube channels, marketing content, and narratives.

I produce polished videos with quick turnaround times and meticulous attention to detail using Adobe Premiere Pro, After Effects, and DaVinci Resolve.

My objective is straightforward: make your content stand out, expand your audience, and realize your vision.

Together, let's make something incredible! 🚀

And I'm available 24/7 with in good communication and fast response. Also, delivery of my work with high quality and within 48 hours.
Feel free to reach out—I’d love to collaborate
—-------------------------------------------------------------------------","Video Editing, Video Editing Software, Video Editing & Production, AVS Video Editor, 360-Degree Video Editing"
1775573140850413568,Abraham M.,Ethiopia,Addis Ababa,Africa,15.0,1.0,2.0,2505.19,0,"Hello! 👋

I've been a creative video editor for more than three years, assisting brands and creators in transforming uncut footage into captivating, high-caliber videos for social media advertisements, YouTube, TikTok, and Instagram.

My area of expertise is producing fluid, captivating edits with expert color correction, clear audio, smooth transitions, and compelling narratives that captivate viewers.

Additionally, I'm an expert in AI-generated videos, producing recognizable AI characters and scenes for faceless YouTube channels, marketing content, and narratives.

I produce polished videos with quick turnaround times and meticulous attention to detail using Adobe Premiere Pro, After Effects, and DaVinci Resolve.

My objective is straightforward: make your content stand out, expand your audience, and realize your vision.

Together, let's make something incredible! 🚀

And I'm available 24/7 with in good communication and fast response. Also, delivery of my work with high quality and within 48 hours.
Feel free to reach out—I’d love to collaborate
—-------------------------------------------------------------------------","Video Editing, Video Editing Software, Video Editing & Production, AVS Video Editor, 360-Degree Video Editing"
1811032271730155520,Ngoc T.,Vietnam,Bac Giang,Asia,10.0,0.0,0.0,385.25,0,"🙋‍♂️Hi, I’m Ngoc Thanh — a video editor specialized in creating engaging YouTube videos that help creators increase watch time, Some of the videos I’ve edited have reached over 10 million viewsretention, and overall content performance.

👉What I can help with:
• YouTube videos (Faceless, Documentary, Talking Head)
• Shorts / Reels / TikTok
• Podcast & Interview editing
• Educational & Explainer videos
• Sports highlights

⭐What you get:
☑️ Clean and professional editing
☑️ Smooth pacing that keeps attention
☑️ Dynamic subtitles
☑️ Motion graphics & visual effects
☑️ Audio cleanup and balancing
☑️ Fast communication and reliable delivery

🛠Tools I use:
DaVinci Resolve • Adobe Premiere Pro • After Effects • Photoshop

🤝Why clients work with me:
• I edit based on viewer psychology and retention
• I understand YouTube pacing and audience behavior
• I pay attention to details and revisions
• I communicate clearly and meet deadlines
• I can adapt to your style or create a stronger one for your channel

If you need an editor who understands how to make videos more engaging — not just visually good — I’d be happy to help.

📩Feel free to message me. I can also edit a short sample to show my style before we start.","Video Design, Video Editing, TikTok, Video Editing & Production, 2D Animation, Video Post-Editing, Film & Video, Video Color Correction, Video Animation, YouTube, Promotional Video, Video Intro & Outro, Video Editing Software, AVS Video Editor, DaVinci Resolve"
1811032271730155520,Ngoc T.,Vietnam,Bac Giang,Asia,10.0,0.0,0.0,385.25,0,"🙋‍♂️Hi, I’m Ngoc Thanh — a video editor specialized in creating engaging YouTube videos that help creators increase watch time, Some of the videos I’ve edited have reached over 10 million viewsretention, and overall content performance.

👉What I can help with:
• YouTube videos (Faceless, Documentary, Talking Head)
• Shorts / Reels / TikTok
• Podcast & Interview editing
• Educational & Explainer videos
• Sports highlights

⭐What you get:
☑️ Clean and professional editing
☑️ Smooth pacing that keeps attention
☑️ Dynamic subtitles
☑️ Motion graphics & visual effects
☑️ Audio cleanup and balancing
☑️ Fast communication and reliable delivery

🛠Tools I use:
DaVinci Resolve • Adobe Premiere Pro • After Effects • Photoshop

🤝Why clients work with me:
• I edit based on viewer psychology and retention
• I understand YouTube pacing and audience behavior
• I pay attention to details and revisions
• I communicate clearly and meet deadlines
• I can adapt to your style or create a stronger one for your channel

If you need an editor who understands how to make videos more engaging — not just visually good — I’d be happy to help.

📩Feel free to message me. I can also edit a short sample to show my style before we start.","Video Design, Video Editing, TikTok, Video Editing & Production, 2D Animation, Video Post-Editing, Film & Video, Video Color Correction, Video Animation, YouTube, Promotional Video, Video Intro & Outro, Video Editing Software, AVS Video Editor, DaVinci Resolve"
1255223114676797440,Emmanuel E.,Nigeria,Uyo,Africa,5.0,1.0,1434.333327,28792.53,7,"I'm a professional video editor and designer with over a year of experience, a creative mindset, and fluency in English. My goal is to transform your ideas and business objectives into impactful, high-quality videos. Every project begins with understanding your vision before executing it to perfection.

My Expertise:

✔ YouTube Video Editing (Vlogs, Documentaries, Cash Cow, Educational, Gaming, etc.)
✔ Social Media Video Editing (Reels, TikTok, YouTube Shorts)
✔ UGC Video Editing
✔ Video Ad Editing (Promotional & Commercial Content)
✔ Motion Graphics & Animated Elements
✔ Logo Intros, Animated Logos, and Text Animations
✔ Thumbnail Design
✔ Social Media Marketing & Management

Tools I Use:

✅ Adobe Premiere Pro
✅ Adobe After Effects
✅ Adobe Photoshop
✅ Canva
✅ CapCut
✅ DaVinci Resolve
✅ Trello, Asana, Slack

Key Skills:

YouTube & TikTok Videos | Facebook Ads | UGC Content | Promo Videos
YouTube Shorts | Instagram Reels | Facebook Reels | Motion Graphics
Explainer Videos | Documentary Editing | Vlogs | Tutorials
Thumbnails | Animated Captions | Video Effects | Social Media Management

Let’s create something amazing together!","Video Editing, Video Editing & Production, Video Editing Plugin, Video Editing Software, AVS Video Editor, 360-Degree Video Editing, YouTube Automation, Instagram Reels, Short Video, Adobe Premiere Pro, Wedding & Event Video, Video Animation, Documentary Video, History"
1255223114676797440,Emmanuel E.,Nigeria,Uyo,Africa,5.0,1.0,1434.333327,28792.53,7,"I'm a professional video editor and designer with over a year of experience, a creative mindset, and fluency in English. My goal is to transform your ideas and business objectives into impactful, high-quality videos. Every project begins with understanding your vision before executing it to perfection.

My Expertise:

✔ YouTube Video Editing (Vlogs, Documentaries, Cash Cow, Educational, Gaming, etc.)
✔ Social Media Video Editing (Reels, TikTok, YouTube Shorts)
✔ UGC Video Editing
✔ Video Ad Editing (Promotional & Commercial Content)
✔ Motion Graphics & Animated Elements
✔ Logo Intros, Animated Logos, and Text Animations
✔ Thumbnail Design
✔ Social Media Marketing & Management

Tools I Use:

✅ Adobe Premiere Pro
✅ Adobe After Effects
✅ Adobe Photoshop
✅ Canva
✅ CapCut
✅ DaVinci Resolve
✅ Trello, Asana, Slack

Key Skills:

YouTube & TikTok Videos | Facebook Ads | UGC Content | Promo Videos
YouTube Shorts | Instagram Reels | Facebook Reels | Motion Graphics
Explainer Videos | Documentary Editing | Vlogs | Tutorials
Thumbnails | Animated Captions | Video Effects | Social Media Management

Let’s create something amazing together!","Video Editing, Video Editing & Production, Video Editing Plugin, Video Editing Software, AVS Video Editor, 360-Degree Video Editing, YouTube Automation, Instagram Reels, Short Video, Adobe Premiere Pro, Wedding & Event Video, Video Animation, Documentary Video, History"
1140557491571462144,Ramses V.,United States,Long Beach,Americas,35.0,1.0,1038.50001,65799.55,23,"Hi, I’m Ramses Villalva – Your Go-To Video Editor!

With over 10 years of experience in video editing and thumbnail design, I’ve helped brands like Andrew Schulz (Flagrant Podcast, Brilliant Idi Podcast), H&M, Vogue, and Chubbies Apparel create content that stands out. Whether it’s a long-form documentary or snappy social media clips, I’m here to bring your vision to life and make an impact.

What I Bring to the Table:

Versatility: I specialize in editing both long-form content (podcasts, interviews, documentaries) and short-form content (Reels, TikToks, YouTube shorts).
Expert Tools: Proficient in Adobe Premiere Pro, After Effects, Photoshop, Audition, and Illustrator, I ensure every detail is polished and professional.
Storytelling: I love turning raw footage into compelling narratives that captivate audiences.
Proven Results: My work has generated over 30 million views for clients on platforms like YouTube and Instagram.
I believe in collaboration and open communication, so your input is always at the heart of my process. Whether you need help boosting engagement, growing your audience, or creating top-tier video content, I’ve got you covered.

Let’s chat about how I can help you create something amazing! Feel free to check out my portfolio and message me to discuss your next project.
","Adobe After Effects, Video Editing, Adobe Premiere Pro, Video Color Correction, Video Post-Editing, Explainer Video, Promotional Video, Short Video Ad, Motion Graphics, Animation, Video Animation, Videography, Video Editing & Production, Motion Design, Video Production"
1140557491571462144,Ramses V.,United States,Long Beach,Americas,35.0,1.0,1038.50001,65799.55,23,"Hi, I’m Ramses Villalva – Your Go-To Video Editor!

With over 10 years of experience in video editing and thumbnail design, I’ve helped brands like Andrew Schulz (Flagrant Podcast, Brilliant Idi Podcast), H&M, Vogue, and Chubbies Apparel create content that stands out. Whether it’s a long-form documentary or snappy social media clips, I’m here to bring your vision to life and make an impact.

What I Bring to the Table:

Versatility: I specialize in editing both long-form content (podcasts, interviews, documentaries) and short-form content (Reels, TikToks, YouTube shorts).
Expert Tools: Proficient in Adobe Premiere Pro, After Effects, Photoshop, Audition, and Illustrator, I ensure every detail is polished and professional.
Storytelling: I love turning raw footage into compelling narratives that captivate audiences.
Proven Results: My work has generated over 30 million views for clients on platforms like YouTube and Instagram.
I believe in collaboration and open communication, so your input is always at the heart of my process. Whether you need help boosting engagement, growing your audience, or creating top-tier video content, I’ve got you covered.

Let’s chat about how I can help you create something amazing! Feel free to check out my portfolio and message me to discuss your next project.
","Adobe After Effects, Video Editing, Adobe Premiere Pro, Video Color Correction, Video Post-Editing, Explainer Video, Promotional Video, Short Video Ad, Motion Graphics, Animation, Video Animation, Videography, Video Editing & Production, Motion Design, Video Production"
1353243029014892544,Suzon A.,Bangladesh,Rajshahi,Asia,5.0,1.0,8.5,71071.93,3,"Professional YouTube Video Editor | Adobe Premiere Pro | CapCut | Adobe After Effects | Expertise YouTube Videos, Shorts, Reels, TikTok Content

Hi,
I am Suzon Ali, and welcome to my professional video editing service.
I specialize in professional video editing, YouTube video editing, and Facebook video editing. In a hurry? Want a bigger budget? Need a professional and fast fix? Social media videos are exactly what you want. I have worked for many international brands (UNICEF, Burger King, Pizza Hut, Domino's, Oppo, and Vivo) and over 100 local brands.

✅Various social media videos:
☛YouTube video editing;
☛Instagram Reels.
☛TikTok content.
☛Facebook posts and reels

✅Services I provide:
☛Blog Video
☛Travel Videos
☛Podcast Editing
☛Gaming Videos, Documentaries, and Weddings
☛Real Estate,


Note: If you have any reference videos or channels, then send them to me, and I will make a video that way.

BEST REGARDS
Suzon Ali 
","CapCut, Off-Page SEO, Video Editing, YouTube Video, Short Video, Video Editing & Production, Adobe Premiere Pro, Adobe After Effects, DaVinci Resolve, AVS Video Editor, Instagram Reels, TikTok Video, Podcast Editing, Video SEO, SEO Competitor Analysis"
1353243029014892544,Suzon A.,Bangladesh,Rajshahi,Asia,5.0,1.0,8.5,71071.93,3,"Professional YouTube Video Editor | Adobe Premiere Pro | CapCut | Adobe After Effects | Expertise YouTube Videos, Shorts, Reels, TikTok Content

Hi,
I am Suzon Ali, and welcome to my professional video editing service.
I specialize in professional video editing, YouTube video editing, and Facebook video editing. In a hurry? Want a bigger budget? Need a professional and fast fix? Social media videos are exactly what you want. I have worked for many international brands (UNICEF, Burger King, Pizza Hut, Domino's, Oppo, and Vivo) and over 100 local brands.

✅Various social media videos:
☛YouTube video editing;
☛Instagram Reels.
☛TikTok content.
☛Facebook posts and reels

✅Services I provide:
☛Blog Video
☛Travel Videos
☛Podcast Editing
☛Gaming Videos, Documentaries, and Weddings
☛Real Estate,


Note: If you have any reference videos or channels, then send them to me, and I will make a video that way.

BEST REGARDS
Suzon Ali 
","CapCut, Off-Page SEO, Video Editing, YouTube Video, Short Video, Video Editing & Production, Adobe Premiere Pro, Adobe After Effects, DaVinci Resolve, AVS Video Editor, Instagram Reels, TikTok Video, Podcast Editing, Video SEO, SEO Competitor Analysis"
2046516744543105979,Tung N.,Vietnam,Hanoi,Asia,10.0,0.0,0.0,685.16,0," 👋 Hi, I’m Tung — a YouTube video editor helping creators turn scripts, voiceovers, raw footage, and AI visuals into engaging long-form videos, faceless documentaries, Shorts, Reels, and TikToks.

⭐⭐⭐⭐⭐
""Outstanding Service! Tung Was Professional, Responsive, And Delivered Top-Quality Work Right Pn Schedule. The Final Results Exceeded My Expectations.""

⭐⭐⭐⭐⭐
""Talented video editor. Delivered a high-quality video with great attention to detail. Would recommend.""

⭐⭐⭐⭐⭐
""Amazing working with Tung. High quality work, efficient, does what he says he is going to do.""

🎯 MY EXPERTISE
📌 Short-Form & Long-Form Video Editing
📌 Social Media Growth-Focused Content
📌 Modern, Clean & Trend-Based Editing
📌 Strong Brand Identity & Visual Consistency

✂️ SERVICES I OFFER
✔ YouTube Long Videos & Shorts
✔ Instagram Reels & TikTok Videos
✔ Talking Head & Podcast Editing
✔ Faceless / Automation Channel Videos

💡 What you get when working with me:
✔ Clean, professional editing
✔ Engaging pacing & smooth flow
✔ Dynamic subtitles & motion graphics
✔ Sound design & seamless transitions
✔ Fast turnaround & clear communication

🛠 Tools:
 • DaVinci Resolve • Premiere Pro • After Effects • Photoshop

⭐ WHY CHOOSE ME?
✅ High Attention to Detail
✅ Always On-Time Delivery
✅ Clear & Friendly Communication
✅ Creative + Strategic Editing Style
✅ Your Satisfaction Is My Priority 💯

📩 Send me your script, voice-over, raw footage, or reference video — and I’ll help you turn it into a clean, engaging video ready for YouTube or social media.","2D Animation, Video Post-Editing, Film & Video, Video Color Correction, Video Editing Software, Video Animation, AVS Video Editor, Video Advertising, Video Editing & Production, YouTube, Film Editing, TikTok, Promotional Video"
2046516744543105979,Tung N.,Vietnam,Hanoi,Asia,10.0,0.0,0.0,685.16,0," 👋 Hi, I’m Tung — a YouTube video editor helping creators turn scripts, voiceovers, raw footage, and AI visuals into engaging long-form videos, faceless documentaries, Shorts, Reels, and TikToks.

⭐⭐⭐⭐⭐
""Outstanding Service! Tung Was Professional, Responsive, And Delivered Top-Quality Work Right Pn Schedule. The Final Results Exceeded My Expectations.""

⭐⭐⭐⭐⭐
""Talented video editor. Delivered a high-quality video with great attention to detail. Would recommend.""

⭐⭐⭐⭐⭐
""Amazing working with Tung. High quality work, efficient, does what he says he is going to do.""

🎯 MY EXPERTISE
📌 Short-Form & Long-Form Video Editing
📌 Social Media Growth-Focused Content
📌 Modern, Clean & Trend-Based Editing
📌 Strong Brand Identity & Visual Consistency

✂️ SERVICES I OFFER
✔ YouTube Long Videos & Shorts
✔ Instagram Reels & TikTok Videos
✔ Talking Head & Podcast Editing
✔ Faceless / Automation Channel Videos

💡 What you get when working with me:
✔ Clean, professional editing
✔ Engaging pacing & smooth flow
✔ Dynamic subtitles & motion graphics
✔ Sound design & seamless transitions
✔ Fast turnaround & clear communication

🛠 Tools:
 • DaVinci Resolve • Premiere Pro • After Effects • Photoshop

⭐ WHY CHOOSE ME?
✅ High Attention to Detail
✅ Always On-Time Delivery
✅ Clear & Friendly Communication
✅ Creative + Strategic Editing Style
✅ Your Satisfaction Is My Priority 💯

📩 Send me your script, voice-over, raw footage, or reference video — and I’ll help you turn it into a clean, engaging video ready for YouTube or social media.","2D Animation, Video Post-Editing, Film & Video, Video Color Correction, Video Editing Software, Video Animation, AVS Video Editor, Video Advertising, Video Editing & Production, YouTube, Film Editing, TikTok, Promotional Video"
1912154437256307372,Huy N.,Vietnam,Hanoi,Asia,9.0,1.0,142.0,4121.12,2,"Are you seeking a Video Editor 🎬 to create stunning, engaging, professional videos for platforms like YouTube, TikTok, and Instagram? 🚀
Do you want to create more unique, memorable, and impressive Vlogs, Promotional Videos, or Shorts that captivate your audience? ✨

Perfect! You've made it to the right candidate! ✅

I am a Video Editing Expert with over 2 years of experience creating videos for diverse platforms and purposes.
On TikTok, I have successfully edited and built a channel from scratch to over 100,000 followers 🔥 turning creative ideas into viral content 🚀

Whether you need:
• Youtube Vlogs
• Tiktok Shorts
• Instagram Reels
• Podcast Videos
• Promotional Videos
• Video Commercial
• Facebook Advertising
• Event Highlights
• Documentary
• Music Videos
• Trailers
or any other type of video, I can handle it all 💪
I'm looking forward to working with you guys! 🤝
Best,

Huy N. 😊","Video Editing, DaVinci Resolve, Promotional Video, Film Editing, Video Animation, Video Advertising, Video Intro & Outro, Video Color Correction, AVS Video Editor, Video Editing Software, 2D Animation"
1912154437256307372,Huy N.,Vietnam,Hanoi,Asia,9.0,1.0,142.0,4121.12,2,"Are you seeking a Video Editor 🎬 to create stunning, engaging, professional videos for platforms like YouTube, TikTok, and Instagram? 🚀
Do you want to create more unique, memorable, and impressive Vlogs, Promotional Videos, or Shorts that captivate your audience? ✨

Perfect! You've made it to the right candidate! ✅

I am a Video Editing Expert with over 2 years of experience creating videos for diverse platforms and purposes.
On TikTok, I have successfully edited and built a channel from scratch to over 100,000 followers 🔥 turning creative ideas into viral content 🚀

Whether you need:
• Youtube Vlogs
• Tiktok Shorts
• Instagram Reels
• Podcast Videos
• Promotional Videos
• Video Commercial
• Facebook Advertising
• Event Highlights
• Documentary
• Music Videos
• Trailers
or any other type of video, I can handle it all 💪
I'm looking forward to working with you guys! 🤝
Best,

Huy N. 😊","Video Editing, DaVinci Resolve, Promotional Video, Film Editing, Video Animation, Video Advertising, Video Intro & Outro, Video Color Correction, AVS Video Editor, Video Editing Software, 2D Animation"
1690628525959278592,Raj M.,Bangladesh,Dhaka,Asia,3.5,0.81395,0.0,934.05,0,"I edit videos that are built to keep people watching — not just fill the timeline.
I’m a video editor specializing in YouTube videos, Shorts, Reels, TikToks, anime edits, and motion-heavy content. I focus on pacing, storytelling, clean visuals, captions, sound design, and the small details that make an edit feel polished.
What I can help with:
• YouTube & long-form editing
• YouTube Shorts, TikTok & Reels
• Podcast & talking-head editing
• Motion graphics & After Effects
• Captions, subtitles & animated text
• B-roll, screenshots, memes & visual storytelling
• Sound design, SFX & music syncing
• Color correction & grading
• AI-assisted video creation and editing
• Anime / AMV-style edits
Tools I work with:
Adobe Premiere Pro • After Effects • DaVinci Resolve • Photoshop • CapCut
I care about more than making a video look good. The goal is to make the content feel natural, engaging, and easy to watch while matching your brand and audience.
If you already have a style you like, I can adapt to it. If you don't, I can help develop a visual style that fits your content.
Send me your footage, reference, or idea — and let's turn it into something worth watching.","Video Editing, YouTube Video, YouTube Shorts, Instagram Reels, CapCut, Adobe After Effects, Photo Editing, Anime, Anime Music Video, YouTube, YouTube Thumbnail, Podcast Editing, Short Video, TikTok, Expert, Video Editing Software, AVS Video Editor, Video Color Correction"
1690628525959278592,Raj M.,Bangladesh,Dhaka,Asia,3.5,0.81395,0.0,934.05,0,"I edit videos that are built to keep people watching — not just fill the timeline.
I’m a video editor specializing in YouTube videos, Shorts, Reels, TikToks, anime edits, and motion-heavy content. I focus on pacing, storytelling, clean visuals, captions, sound design, and the small details that make an edit feel polished.
What I can help with:
• YouTube & long-form editing
• YouTube Shorts, TikTok & Reels
• Podcast & talking-head editing
• Motion graphics & After Effects
• Captions, subtitles & animated text
• B-roll, screenshots, memes & visual storytelling
• Sound design, SFX & music syncing
• Color correction & grading
• AI-assisted video creation and editing
• Anime / AMV-style edits
Tools I work with:
Adobe Premiere Pro • After Effects • DaVinci Resolve • Photoshop • CapCut
I care about more than making a video look good. The goal is to make the content feel natural, engaging, and easy to watch while matching your brand and audience.
If you already have a style you like, I can adapt to it. If you don't, I can help develop a visual style that fits your content.
Send me your footage, reference, or idea — and let's turn it into something worth watching.","Video Editing, YouTube Video, YouTube Shorts, Instagram Reels, CapCut, Adobe After Effects, Photo Editing, Anime, Anime Music Video, YouTube, YouTube Thumbnail, Podcast Editing, Short Video, TikTok, Expert, Video Editing Software, AVS Video Editor, Video Color Correction"
1930161090772880895,Marco L.,Madagascar,Antananarivo,Africa,5.0,0.0,0.0,377.5,0,"Hi, I’m a freelance video editor with several years of experience using Adobe Premiere Pro, After Effects, and Illustrator.
I craft dynamic, engaging, and tailored videos that bring your content to life — from YouTube videos and interviews to promotional clips, reels, and motion design animations.

🧩 What I offer:
✅ Video editing (short & long format)
✅ Motion design / animated logos
✅ Eye-catching reels & shorts
✅ Custom animated templates for social media

🌍 I work remotely with professionalism, creativity, and clear communication.
Available up to 20 hours/week for your projects, with reliable turnaround times and a strong commitment to high-quality results.

💼 Looking for a creative, detail-oriented video editor? Let’s talk about your project!","Video Editing, Caption, Motion Design, Custom Sound Effects, Visual Effects"
1930161090772880895,Marco L.,Madagascar,Antananarivo,Africa,5.0,0.0,0.0,377.5,0,"Hi, I’m a freelance video editor with several years of experience using Adobe Premiere Pro, After Effects, and Illustrator.
I craft dynamic, engaging, and tailored videos that bring your content to life — from YouTube videos and interviews to promotional clips, reels, and motion design animations.

🧩 What I offer:
✅ Video editing (short & long format)
✅ Motion design / animated logos
✅ Eye-catching reels & shorts
✅ Custom animated templates for social media

🌍 I work remotely with professionalism, creativity, and clear communication.
Available up to 20 hours/week for your projects, with reliable turnaround times and a strong commitment to high-quality results.

💼 Looking for a creative, detail-oriented video editor? Let’s talk about your project!","Video Editing, Caption, Motion Design, Custom Sound Effects, Visual Effects"
1752640691897131008,Maida K.,Pakistan,Rawalpindi,Asia,20.0,1.0,18.0,12369.63,2,"I edit vlogs and podcasts for creators who want their audience to feel something, not just watch something.

I'm Maida. I've spent years in the edit bay turning raw footage, long vlogs, weekly podcast episodes, behind the scenes clips, into content people actually finish watching. Not because of tricks. Because the pacing, the story, and the emotional beats are handled with care.

Why creators bring me on

1. I edit for connection, not just polish.
Vlogs live or die on whether the audience feels like they know you. I cut for that, the pauses that matter, the reactions that land, the moments that make a stranger feel like a regular viewer. Podcasts are different. They live or die on flow. I tighten dead air, sharpen transitions, and make a ninety minute conversation feel like forty without losing what made it good.

2. I think about retention while I edit, not after.
Every cut I make, I'm asking myself if this earns the next ten seconds. For vlogs that means hooks, pacing, and honest storytelling. For podcasts that means knowing when a tangent is gold and when it's dead weight. I'm not just trimming a timeline. I'm shaping how someone experiences your voice.

3. I'm a second brain for your content, not just a pair of hands.
You're already doing the hardest part, showing up, recording, being yourself on camera or mic. My job is to take that raw material and make sure it doesn't lose anything on the way to the feed. If something in your format isn't working, I'll tell you gently, like a friend would, not with a deck.

If you're a personal vlogger, YouTuber, or podcaster who wants an editor who actually watches the whole episode before touching it, let's talk.","Video Editing & Production, Travel Video, Vlog, Adobe Premiere Pro, Lifestyle & Travel, YouTube Video, Podcast Editing, Short Video, Content Creation, Color Correction, Social Media Video, Video Editing, Cinematic Video, Family & Travel Video"
1752640691897131008,Maida K.,Pakistan,Rawalpindi,Asia,20.0,1.0,18.0,12369.63,2,"I edit vlogs and podcasts for creators who want their audience to feel something, not just watch something.

I'm Maida. I've spent years in the edit bay turning raw footage, long vlogs, weekly podcast episodes, behind the scenes clips, into content people actually finish watching. Not because of tricks. Because the pacing, the story, and the emotional beats are handled with care.

Why creators bring me on

1. I edit for connection, not just polish.
Vlogs live or die on whether the audience feels like they know you. I cut for that, the pauses that matter, the reactions that land, the moments that make a stranger feel like a regular viewer. Podcasts are different. They live or die on flow. I tighten dead air, sharpen transitions, and make a ninety minute conversation feel like forty without losing what made it good.

2. I think about retention while I edit, not after.
Every cut I make, I'm asking myself if this earns the next ten seconds. For vlogs that means hooks, pacing, and honest storytelling. For podcasts that means knowing when a tangent is gold and when it's dead weight. I'm not just trimming a timeline. I'm shaping how someone experiences your voice.

3. I'm a second brain for your content, not just a pair of hands.
You're already doing the hardest part, showing up, recording, being yourself on camera or mic. My job is to take that raw material and make sure it doesn't lose anything on the way to the feed. If something in your format isn't working, I'll tell you gently, like a friend would, not with a deck.

If you're a personal vlogger, YouTuber, or podcaster who wants an editor who actually watches the whole episode before touching it, let's talk.","Video Editing & Production, Travel Video, Vlog, Adobe Premiere Pro, Lifestyle & Travel, YouTube Video, Podcast Editing, Short Video, Content Creation, Color Correction, Social Media Video, Video Editing, Cinematic Video, Family & Travel Video"
1338266583394316288,Fahad T.,Pakistan,Chakwal,Asia,27.0,1.0,10698.166664,239083.7,16,"Your podcast can have great content and still lose viewers because the editing doesn't hold attention.

That’s where I come in.

I help podcasters, creators, personal brands, businesses, and marketing agencies turn raw footage into polished content designed around retention, pacing, and clarity.

From full podcast episodes to short form clips and talking head videos, I handle the editing so you can focus on recording, publishing, and growing your business.

My approach is simple: better hooks, tighter pacing, clean storytelling, and purposeful editing. No unnecessary effects just for the sake of making a video look busy.

What I Can Edit For You

• Full Length Podcast Episodes
• YouTube Podcasts
• Instagram Reels, TikTok & YouTube Shorts
• Talking Head Videos
• Multicamera Podcast Videos
• Podcast Clips & Content Repurposing
• White Label Video Editing for Agencies

Why Clients Hire Me

• Top Rated Plus on Upwork
• 100% Job Success
• Top 3% of Upwork talent
• $200K plus earned on Upwork
• 200 plus clients served worldwide
• 10,000 plus editing hours
• Reliable communication and consistent delivery

Whether you need ongoing monthly editing, a reliable post production partner, or support with a high volume of content, I can handle the workflow from raw footage to platform ready videos.

You can also send me an invitation or message and I’ll record a short personalized Loom showing how I would approach your content and where the editing could be improved.

🔧 EXPERTISE

Podcast Video Editing, Podcast Editing, Short Form Video Editing, Talking Head Video Editing, Long Form Video Editing, Multicam Editing, Podcast Clips, YouTube Podcast Editing, YouTube Shorts, Instagram Reels, TikTok Videos, Social Media Video Editing, Video Post Production, Content Repurposing, White Label Video Editing","Podcast Editing, Podcast Content, Social Media Video, Instagram Reels, Podcast Episode, Podcast, Video Editing, Video Post-Editing, YouTube Shorts, TikTok Video, YouTube Video, Adobe Premiere Pro, Adobe After Effects, Podcast Production, Podcast Analysis, YouTube, Motion Graphics, Color Grading, Content Editing, Podcast Marketing"
1338266583394316288,Fahad T.,Pakistan,Chakwal,Asia,27.0,1.0,10698.166664,239083.7,16,"Your podcast can have great content and still lose viewers because the editing doesn't hold attention.

That’s where I come in.

I help podcasters, creators, personal brands, businesses, and marketing agencies turn raw footage into polished content designed around retention, pacing, and clarity.

From full podcast episodes to short form clips and talking head videos, I handle the editing so you can focus on recording, publishing, and growing your business.

My approach is simple: better hooks, tighter pacing, clean storytelling, and purposeful editing. No unnecessary effects just for the sake of making a video look busy.

What I Can Edit For You

• Full Length Podcast Episodes
• YouTube Podcasts
• Instagram Reels, TikTok & YouTube Shorts
• Talking Head Videos
• Multicamera Podcast Videos
• Podcast Clips & Content Repurposing
• White Label Video Editing for Agencies

Why Clients Hire Me

• Top Rated Plus on Upwork
• 100% Job Success
• Top 3% of Upwork talent
• $200K plus earned on Upwork
• 200 plus clients served worldwide
• 10,000 plus editing hours
• Reliable communication and consistent delivery

Whether you need ongoing monthly editing, a reliable post production partner, or support with a high volume of content, I can handle the workflow from raw footage to platform ready videos.

You can also send me an invitation or message and I’ll record a short personalized Loom showing how I would approach your content and where the editing could be improved.

🔧 EXPERTISE

Podcast Video Editing, Podcast Editing, Short Form Video Editing, Talking Head Video Editing, Long Form Video Editing, Multicam Editing, Podcast Clips, YouTube Podcast Editing, YouTube Shorts, Instagram Reels, TikTok Videos, Social Media Video Editing, Video Post Production, Content Repurposing, White Label Video Editing","Podcast Editing, Podcast Content, Social Media Video, Instagram Reels, Podcast Episode, Podcast, Video Editing, Video Post-Editing, YouTube Shorts, TikTok Video, YouTube Video, Adobe Premiere Pro, Adobe After Effects, Podcast Production, Podcast Analysis, YouTube, Motion Graphics, Color Grading, Content Editing, Podcast Marketing"
2001335995279031933,Shahzaib A.,Pakistan,Rawalpindi,Asia,5.0,1.0,24.499999,989.71,0,"🎬 Shahzaib Ali
🎥 Professional Video Editor | YouTube, Reels & Social Media

Hi, I’m Shahzaib Ali, a creative and detail-oriented Video Editor. I transform raw footage into engaging, professional, and visually appealing videos that help creators, brands, and businesses connect with their audience.

🛠️ What I Can Do for You
🎬 YouTube Video Editing
📱 Instagram Reels & TikTok Videos
▶️ YouTube Shorts
📢 Promotional & Marketing Videos
🎙️ Talking-Head Videos
💬 Captions & Subtitles
🔄 Smooth Transitions
🎨 Color Correction & Color Grading
🔊 Audio Cleanup & Background Music
✨ Text Animations & Visual Effects
🎨 My Editing Style

I focus on clean cuts, engaging pacing, smooth transitions, professional colors, clear audio, and attractive captions. Every edit is designed to keep viewers interested and make your content look polished.

⭐ Why Choose Me?
🎯 Attention to Detail
💡 Creative Editing
⚡ Fast & Reliable Delivery
💬 Clear Communication
🔄 Revisions Based on Your Feedback
🤝 Professional & Client-Focused Approach
🚀 Let’s Work Together

Whether you need a YouTube video, Reel, Short, advertisement, or social media content, I’m ready to turn your footage into content that looks professional and keeps viewers watching.

📩 Send me your footage and let’s create something great together!

Shahzaib Ali
🎥 Video Editor","Adobe Premiere Pro, Adobe After Effects, Video Editing, Video Editing & Production, Video Editing Plugin, Video Editing Software, 360-Degree Video Editing, Video Post-Editing, Instagram Reels, Social Media Video, AVS Video Editor, Events & Weddings, YouTube Video, YouTube Shorts, TikTok Ad, Motion Graphics, Real Estate Video, Podcast Editing, Documentary Video, Wedding & Event Video"
2001335995279031933,Shahzaib A.,Pakistan,Rawalpindi,Asia,5.0,1.0,24.499999,989.71,0,"🎬 Shahzaib Ali
🎥 Professional Video Editor | YouTube, Reels & Social Media

Hi, I’m Shahzaib Ali, a creative and detail-oriented Video Editor. I transform raw footage into engaging, professional, and visually appealing videos that help creators, brands, and businesses connect with their audience.

🛠️ What I Can Do for You
🎬 YouTube Video Editing
📱 Instagram Reels & TikTok Videos
▶️ YouTube Shorts
📢 Promotional & Marketing Videos
🎙️ Talking-Head Videos
💬 Captions & Subtitles
🔄 Smooth Transitions
🎨 Color Correction & Color Grading
🔊 Audio Cleanup & Background Music
✨ Text Animations & Visual Effects
🎨 My Editing Style

I focus on clean cuts, engaging pacing, smooth transitions, professional colors, clear audio, and attractive captions. Every edit is designed to keep viewers interested and make your content look polished.

⭐ Why Choose Me?
🎯 Attention to Detail
💡 Creative Editing
⚡ Fast & Reliable Delivery
💬 Clear Communication
🔄 Revisions Based on Your Feedback
🤝 Professional & Client-Focused Approach
🚀 Let’s Work Together

Whether you need a YouTube video, Reel, Short, advertisement, or social media content, I’m ready to turn your footage into content that looks professional and keeps viewers watching.

📩 Send me your footage and let’s create something great together!

Shahzaib Ali
🎥 Video Editor","Adobe Premiere Pro, Adobe After Effects, Video Editing, Video Editing & Production, Video Editing Plugin, Video Editing Software, 360-Degree Video Editing, Video Post-Editing, Instagram Reels, Social Media Video, AVS Video Editor, Events & Weddings, YouTube Video, YouTube Shorts, TikTok Ad, Motion Graphics, Real Estate Video, Podcast Editing, Documentary Video, Wedding & Event Video"
1987538092728615773,Hammad  R.,Pakistan,Jhang Sadr,Asia,5.0,1.0,117.333333,756.89,0,"✅ Rising Talent
✅ 3+ Years Experience
✅ DM For Portfolio
✅ Open for Trial

I turn your script and raw clips (or generate them) into simple, clear, scroll-stopping ads that are ready to run and bring results.

• Short ads (10–30s) in 9:16 or 1:1 for TikTok, Reels, Shorts, Facebook/Instagram
• Static and carousel ads for Google, Meta, TikTok/Instagram
• Strong hooks, easy-to-read captions, clear calls-to-action
• Ready-to-post files + size variations; I label each version so it’s easy to track results

🛠️ Tools:
▶ CapCut
▶ Adobe Premiere Pro
▶ Adobe After Effects (motion graphics & animations)
▶ HeyGen / Arcads AI (realistic avatars)
▶ ElevenLabs (AI voiceover)
▶ Runway / Veo 3 / Higgsfield / Sora / Midjourney / Kling (AI visual generation)
▶ Captions (auto-captions)

🔥 Why work with me?
✔ Fast and transparent replies—always
✔ 950+ video ads delivered for clients on Upwork

Tags:
Video Editor, TikTok Video Editor, Video Editing YouTube, Social Media Video Editor, YouTube Shorts, Short Form Video Editor, Short Video Ads, Reels Editor, Instagram Reels, Podcast Editor, Podcast Video Editor, Social Media Video Editor, Video Ads, Video Editor Facebook Ads, Video Editor Adobe Premiere, Video Editor Adobe After Effects, Video Animation, Motion Graphics, Motion Designer, Slideshow Video,
Facebook advertising, Facebook ads expert, Facebook marketing, Facebook ads manager, Google Ads, social media marketing, PPC campaigns, Facebook Ad Campaigns, Facebook Marketing Expert, Google Ads Specialist, Pay-Per-Click (PPC) Expert, Digital Marketing Professional, Social Media Advertising, Facebook Ad Strategy, Online Ad Manager, Paid Social Media Ads, Facebook Conversion Ads, Ad Copywriting, Digital Marketing Consultant, SEM (Search Engine Marketing), Facebook Lead Generation, Google Analytics Expert, Retargeting and Remarketing, SEM Campaign Manager, PPC Campaign Optimization, Facebook Business Page Management, Advanced Facebook Ads, E-Commerce E-commerce Ads Specialist, High ROI Ad Campaigns, Ad Spend Optimization, Facebook Ads Manager Training, Performance Marketing, Facebook Audience Insights, Conversion Rate Optimization (CRO), Social Media Strategy, Targeted Ad Campaigns, Facebook Pixel Setup, A/B Testing Ads, B2B Digital Marketing, Shopify Expert, Shopify Marketing, Facebook advertising, Facebook , Social Media Instagram, Paid Media , Social Media Management, Campaign Set-up, Facebook Ads Manager, Sales Funnel, Retargeting.","Video Editing, Video Editing & Production, Video Ad, CapCut, Adobe Premiere Pro, Adobe After Effects, Music Production, Video Advertising, Video Ad Campaign, AVS Video Editor, Graphic Design, Facebook Advertising, Instagram Ad Campaign, Instagram Reels, TikTok Ad"
1987538092728615773,Hammad  R.,Pakistan,Jhang Sadr,Asia,5.0,1.0,117.333333,756.89,0,"✅ Rising Talent
✅ 3+ Years Experience
✅ DM For Portfolio
✅ Open for Trial

I turn your script and raw clips (or generate them) into simple, clear, scroll-stopping ads that are ready to run and bring results.

• Short ads (10–30s) in 9:16 or 1:1 for TikTok, Reels, Shorts, Facebook/Instagram
• Static and carousel ads for Google, Meta, TikTok/Instagram
• Strong hooks, easy-to-read captions, clear calls-to-action
• Ready-to-post files + size variations; I label each version so it’s easy to track results

🛠️ Tools:
▶ CapCut
▶ Adobe Premiere Pro
▶ Adobe After Effects (motion graphics & animations)
▶ HeyGen / Arcads AI (realistic avatars)
▶ ElevenLabs (AI voiceover)
▶ Runway / Veo 3 / Higgsfield / Sora / Midjourney / Kling (AI visual generation)
▶ Captions (auto-captions)

🔥 Why work with me?
✔ Fast and transparent replies—always
✔ 950+ video ads delivered for clients on Upwork

Tags:
Video Editor, TikTok Video Editor, Video Editing YouTube, Social Media Video Editor, YouTube Shorts, Short Form Video Editor, Short Video Ads, Reels Editor, Instagram Reels, Podcast Editor, Podcast Video Editor, Social Media Video Editor, Video Ads, Video Editor Facebook Ads, Video Editor Adobe Premiere, Video Editor Adobe After Effects, Video Animation, Motion Graphics, Motion Designer, Slideshow Video,
Facebook advertising, Facebook ads expert, Facebook marketing, Facebook ads manager, Google Ads, social media marketing, PPC campaigns, Facebook Ad Campaigns, Facebook Marketing Expert, Google Ads Specialist, Pay-Per-Click (PPC) Expert, Digital Marketing Professional, Social Media Advertising, Facebook Ad Strategy, Online Ad Manager, Paid Social Media Ads, Facebook Conversion Ads, Ad Copywriting, Digital Marketing Consultant, SEM (Search Engine Marketing), Facebook Lead Generation, Google Analytics Expert, Retargeting and Remarketing, SEM Campaign Manager, PPC Campaign Optimization, Facebook Business Page Management, Advanced Facebook Ads, E-Commerce E-commerce Ads Specialist, High ROI Ad Campaigns, Ad Spend Optimization, Facebook Ads Manager Training, Performance Marketing, Facebook Audience Insights, Conversion Rate Optimization (CRO), Social Media Strategy, Targeted Ad Campaigns, Facebook Pixel Setup, A/B Testing Ads, B2B Digital Marketing, Shopify Expert, Shopify Marketing, Facebook advertising, Facebook , Social Media Instagram, Paid Media , Social Media Management, Campaign Set-up, Facebook Ads Manager, Sales Funnel, Retargeting.","Video Editing, Video Editing & Production, Video Ad, CapCut, Adobe Premiere Pro, Adobe After Effects, Music Production, Video Advertising, Video Ad Campaign, AVS Video Editor, Graphic Design, Facebook Advertising, Instagram Ad Campaign, Instagram Reels, TikTok Ad"
1690353581568516096,Anes B.,Algeria,Algiers,Africa,12.0,1.0,0.0,956.55,2,"I’m a passionate video editor with a sharp eye for detail and a deep love for storytelling through motion. Whether it’s a fast-paced promo, a cinematic short film, or a branded content piece, I bring raw footage to life with clean cuts, purposeful pacing, and a strong sense of emotion and rhythm.

With experience across platforms like YouTube, Instagram, and corporate media, I combine creativity with strategy—ensuring every edit not only looks great but also connects with the audience. Skilled in tools like Adobe Premiere Pro, After Effects, and DaVinci Resolve, I’m always pushing to learn more, refine my craft, and stay ahead of trends.

Let’s connect—I’m always open to new ideas, collaborations, and opportunities to tell powerful stories through videos :)","Graphic Design, Design & Usability Research, Cover Art Thumbnail, Social Media Ad Campaign, Social Media Advertising, YouTube Thumbnail, Instagram Plugin, Video Editing & Production, AVS Video Editor, Adobe After Effects, Adobe Premiere Pro"
1690353581568516096,Anes B.,Algeria,Algiers,Africa,12.0,1.0,0.0,956.55,2,"I’m a passionate video editor with a sharp eye for detail and a deep love for storytelling through motion. Whether it’s a fast-paced promo, a cinematic short film, or a branded content piece, I bring raw footage to life with clean cuts, purposeful pacing, and a strong sense of emotion and rhythm.

With experience across platforms like YouTube, Instagram, and corporate media, I combine creativity with strategy—ensuring every edit not only looks great but also connects with the audience. Skilled in tools like Adobe Premiere Pro, After Effects, and DaVinci Resolve, I’m always pushing to learn more, refine my craft, and stay ahead of trends.

Let’s connect—I’m always open to new ideas, collaborations, and opportunities to tell powerful stories through videos :)","Graphic Design, Design & Usability Research, Cover Art Thumbnail, Social Media Ad Campaign, Social Media Advertising, YouTube Thumbnail, Instagram Plugin, Video Editing & Production, AVS Video Editor, Adobe After Effects, Adobe Premiere Pro"
1786926021757480960,Daniyal A.,Pakistan,Karachi,Asia,8.0,0.95615,1213.833334,28674.82,6,"Meet Daniyal! Your Professional video editor with 6 years of experience in Video Editing, Motion Graphics, Color Grading, Reels Creation, Video Animations, Youtube Video Editor, and Video Post Production. I am here to assist you in generating fresh ideas and creating engaging videos for your target audience! I believe clear communication, expertise, and flexibility are key to a great project.

What sets me apart:

Creative Excellence: I have an innate ability to understand your concept and translate it into a visually stunning narrative. From conceptualisation to post production, I infuse creativity and innovation into every project, ensuring it stands out from the crowd.

Technical Proficiency: Proficient in industry standard editing software such as Adobe Premiere Pro, After Effects and Photoshop, I leverage advanced editing techniques, color grading, and visual effects to elevate your video to professional standards.

Attention to Detail: I pay meticulous attention to detail, ensuring seamless transitions, crisp audio, and flawless editing to deliver a polished final product that exceeds your expectations.

Client-Centric Approach: Your satisfaction is my top priority. I believe in open communication, collaboration, and transparency throughout the project lifecycle. I actively listen to your feedback and incorporate revisions until you are 100% satisfied with the end result.


Projects I'm most experienced with:
✅ Promo / Commercials / Video Ads.
✅ Real Estate Video.
✅ Music Video.
✅ Lyric videos.
✅ Motion Graphics.
✅ Video Animation.
✅Script Writing.
✅ Color Grading.
✅ Podcast.
✅ YouTube.
✅ Reels (Instagram, YouTube, TikTok).

Software Applications I Use:
Adobe Premiere Pro
Adobe After Effects
Capcut Pro

Whether you're a business looking to enhance your brand presence, a content creator aiming to captivate your audience, or an individual with a story to tell, I'm here to turn your vision into reality.

Let's connect today and have a chat.
","Video Editing, Video Post-Editing, Video Animation, Video Ad Campaign, Video Color Correction, Video Advertising, Video Design, Video Enhancement, AI Video Generation, Motion Graphics, YouTube Ads, Video Ad, Video Sales Letter, Video Editing & Production"
1786926021757480960,Daniyal A.,Pakistan,Karachi,Asia,8.0,0.95615,1213.833334,28674.82,6,"Meet Daniyal! Your Professional video editor with 6 years of experience in Video Editing, Motion Graphics, Color Grading, Reels Creation, Video Animations, Youtube Video Editor, and Video Post Production. I am here to assist you in generating fresh ideas and creating engaging videos for your target audience! I believe clear communication, expertise, and flexibility are key to a great project.

What sets me apart:

Creative Excellence: I have an innate ability to understand your concept and translate it into a visually stunning narrative. From conceptualisation to post production, I infuse creativity and innovation into every project, ensuring it stands out from the crowd.

Technical Proficiency: Proficient in industry standard editing software such as Adobe Premiere Pro, After Effects and Photoshop, I leverage advanced editing techniques, color grading, and visual effects to elevate your video to professional standards.

Attention to Detail: I pay meticulous attention to detail, ensuring seamless transitions, crisp audio, and flawless editing to deliver a polished final product that exceeds your expectations.

Client-Centric Approach: Your satisfaction is my top priority. I believe in open communication, collaboration, and transparency throughout the project lifecycle. I actively listen to your feedback and incorporate revisions until you are 100% satisfied with the end result.


Projects I'm most experienced with:
✅ Promo / Commercials / Video Ads.
✅ Real Estate Video.
✅ Music Video.
✅ Lyric videos.
✅ Motion Graphics.
✅ Video Animation.
✅Script Writing.
✅ Color Grading.
✅ Podcast.
✅ YouTube.
✅ Reels (Instagram, YouTube, TikTok).

Software Applications I Use:
Adobe Premiere Pro
Adobe After Effects
Capcut Pro

Whether you're a business looking to enhance your brand presence, a content creator aiming to captivate your audience, or an individual with a story to tell, I'm here to turn your vision into reality.

Let's connect today and have a chat.
","Video Editing, Video Post-Editing, Video Animation, Video Ad Campaign, Video Color Correction, Video Advertising, Video Design, Video Enhancement, AI Video Generation, Motion Graphics, YouTube Ads, Video Ad, Video Sales Letter, Video Editing & Production"
1607273660652236800,Samiran C.,India,Kolkata,Asia,15.0,1.0,347.333334,4028.07,0,"Hi, I’m Samiran, a professional video editor specializing in video editing, motion graphics, and video advertising for brands, creators, and businesses worldwide. I transform raw footage into high-performing, story-driven, and visually compelling videos that boost engagement and conversions across digital platforms.

I’m highly skilled in tools like Adobe Premiere Pro, Adobe After Effects, and Filmora, allowing me to handle every aspect of post-production from clean, professional aesthetics to polished final delivery.

💡 Why Choose Me

- Strong understanding of storytelling
- Precise pacing and visual flow
- Solid technical expertise
- 2D motion graphics

I combine creativity with precision to deliver fast turnarounds, smooth revisions, and reliable results. I work on explainer videos, travel vlogs, short films, and branded content.

🎥 Let’s bring your vision to life with engaging storytelling, impactful visuals, and editing that makes your brand stand out.","Video Editing, YouTube, Video Editing & Production, YouTube Video, Travel Video, Podcast Editing, Film Editing, Adobe After Effects"
1607273660652236800,Samiran C.,India,Kolkata,Asia,15.0,1.0,347.333334,4028.07,0,"Hi, I’m Samiran, a professional video editor specializing in video editing, motion graphics, and video advertising for brands, creators, and businesses worldwide. I transform raw footage into high-performing, story-driven, and visually compelling videos that boost engagement and conversions across digital platforms.

I’m highly skilled in tools like Adobe Premiere Pro, Adobe After Effects, and Filmora, allowing me to handle every aspect of post-production from clean, professional aesthetics to polished final delivery.

💡 Why Choose Me

- Strong understanding of storytelling
- Precise pacing and visual flow
- Solid technical expertise
- 2D motion graphics

I combine creativity with precision to deliver fast turnarounds, smooth revisions, and reliable results. I work on explainer videos, travel vlogs, short films, and branded content.

🎥 Let’s bring your vision to life with engaging storytelling, impactful visuals, and editing that makes your brand stand out.","Video Editing, YouTube, Video Editing & Production, YouTube Video, Travel Video, Podcast Editing, Film Editing, Adobe After Effects"
592973531588739072,Toan V.,Vietnam,Ho Chi Minh,Asia,20.0,0.9818,1953.500013,95968.84,27,"Some noticeable projects I completed you may know:  Dr. Bob (Over 76 million views on Youtube), Nas daily (over 20 million followers).","YouTube SEO, Translation, Japanese, Video Production, Vietnamese, Video Upload, Social Media Content, DaVinci Resolve, Adobe Premiere Pro, YouTube, English to Vietnamese Translation, Video Editing, Microsoft PowerPoint"
592973531588739072,Toan V.,Vietnam,Ho Chi Minh,Asia,20.0,0.9818,1953.500013,95968.84,27,"Some noticeable projects I completed you may know:  Dr. Bob (Over 76 million views on Youtube), Nas daily (over 20 million followers).","YouTube SEO, Translation, Japanese, Video Production, Vietnamese, Video Upload, Social Media Content, DaVinci Resolve, Adobe Premiere Pro, YouTube, English to Vietnamese Translation, Video Editing, Microsoft PowerPoint"
1951571315991024808,Muqadsa A.,Pakistan,Dera Ghazi Khan,Asia,6.0,0.86205,152.16667,1742.31,1,"Looking for a Video Editor who can transform raw footage into engaging, high-retention content that keeps viewers watching and helps grow your brand?

I help YouTubers, content creators, coaches, agencies, and businesses create professional videos that increase watch time, engagement, subscribers, and conversions.

With hands-on experience in YouTube video editing, short-form content creation, motion graphics, and social media content production, I focus on understanding your vision first and then turning it into content your audience actually wants to watch.

🚀 Services I Offer

✅ YouTube Video Editing (Long Form & Shorts)
• YouTube Videos (10–30+ Minutes)
• YouTube Shorts
• Faceless YouTube Videos
• Documentary Style Editing
• Cash Cow Videos
• Educational & AI Content
• Talking Head Videos
• Gaming Videos
• Vlogs & Lifestyle Content
• Intro/Outro Creation

✅ Podcast Editing & Repurposing
• Multi-Camera Podcast Editing
• Audio Cleanup & Enhancement
• Zoom Podcast Editing
• Podcast Highlights & Clips
• Content Repurposing for Shorts, Reels & TikTok

✅ Short-Form Content Editing
• Instagram Reels
• TikTok Videos
• YouTube Shorts
• UGC Videos
• Viral Content Editing
• Animated Captions
• Trending Social Media Content

✅ Ads & Promotional Videos
• Facebook Ads
• Instagram Ads
• YouTube Ads
• Product Videos
• Promotional Videos
• Commercial Video Editing

✅ Design & Branding Support
• Thumbnail Design
• Logo Intros
• Logo Animation
• Motion Graphics
• Text Animations
• Social Media Creative Support

🎯 My Editing Focus

✔ Strong Hooks
✔ Audience Retention
✔ Fast-Paced Storytelling
✔ Motion Graphics
✔ Animated Captions
✔ Professional Transitions
✔ Sound Design
✔ Color Correction
✔ Color Grading
✔ Platform-Specific Optimization

🛠 Software & Tools

• Adobe Premiere Pro
• Adobe After Effects
• Adobe Photoshop
• DaVinci Resolve
• CapCut
• Canva
• Trello
• Asana
• Slack

Why Clients Work With Me:

⭐ Client-Focused Approach
⭐ Fast Turnaround Times
⭐ Clear Communication
⭐ Reliable & Easy to Work With
⭐ Long-Term Collaboration Mindset
⭐ Attention to Detail
⭐ Modern Editing Style

I don't just edit videos—I help create content that captures attention, keeps viewers engaged, and supports your business goals.

📩 Send me a message and let's create videos that generate more views, engagement, subscribers, and revenue.

Keywords:
YouTube Video Editor, Video Editor, Video Editing, YouTube Shorts Editor, Reels Editor, TikTok Video Editor, Podcast Editor, Social Media Video Editor, Short Form Video Editor, Long Form Video Editor, Faceless YouTube Videos, Cash Cow Video Editor, Documentary Video Editor, Motion Graphics Designer, After Effects Expert, Premiere Pro Editor, DaVinci Resolve Editor, UGC Video Editor, Facebook Ads Editor, Instagram Ads Editor, YouTube Ads Editor, Thumbnail Designer, Viral Video Editor, Content Repurposing, Color Grading, Sound Design, Podcast Clips, Talking Head Videos, Vlog Editor, Gaming Video Editor, Educational Video Editor.","Video Editing, Video Editing & Production, Video Editing Plugin, Video Editing Software, AVS Video Editor, 360-Degree Video Editing, Adobe Premiere Pro, Adobe After Effects, Instagram Reels, YouTube Shorts, Social Media Video, YouTube Video, Video Ad, Video Production, Video Commercial, Video Animation, Documentary Video, TikTok Video, Video Enhancement, YouTube Marketing"
1951571315991024808,Muqadsa A.,Pakistan,Dera Ghazi Khan,Asia,6.0,0.86205,152.16667,1742.31,1,"Looking for a Video Editor who can transform raw footage into engaging, high-retention content that keeps viewers watching and helps grow your brand?

I help YouTubers, content creators, coaches, agencies, and businesses create professional videos that increase watch time, engagement, subscribers, and conversions.

With hands-on experience in YouTube video editing, short-form content creation, motion graphics, and social media content production, I focus on understanding your vision first and then turning it into content your audience actually wants to watch.

🚀 Services I Offer

✅ YouTube Video Editing (Long Form & Shorts)
• YouTube Videos (10–30+ Minutes)
• YouTube Shorts
• Faceless YouTube Videos
• Documentary Style Editing
• Cash Cow Videos
• Educational & AI Content
• Talking Head Videos
• Gaming Videos
• Vlogs & Lifestyle Content
• Intro/Outro Creation

✅ Podcast Editing & Repurposing
• Multi-Camera Podcast Editing
• Audio Cleanup & Enhancement
• Zoom Podcast Editing
• Podcast Highlights & Clips
• Content Repurposing for Shorts, Reels & TikTok

✅ Short-Form Content Editing
• Instagram Reels
• TikTok Videos
• YouTube Shorts
• UGC Videos
• Viral Content Editing
• Animated Captions
• Trending Social Media Content

✅ Ads & Promotional Videos
• Facebook Ads
• Instagram Ads
• YouTube Ads
• Product Videos
• Promotional Videos
• Commercial Video Editing

✅ Design & Branding Support
• Thumbnail Design
• Logo Intros
• Logo Animation
• Motion Graphics
• Text Animations
• Social Media Creative Support

🎯 My Editing Focus

✔ Strong Hooks
✔ Audience Retention
✔ Fast-Paced Storytelling
✔ Motion Graphics
✔ Animated Captions
✔ Professional Transitions
✔ Sound Design
✔ Color Correction
✔ Color Grading
✔ Platform-Specific Optimization

🛠 Software & Tools

• Adobe Premiere Pro
• Adobe After Effects
• Adobe Photoshop
• DaVinci Resolve
• CapCut
• Canva
• Trello
• Asana
• Slack

Why Clients Work With Me:

⭐ Client-Focused Approach
⭐ Fast Turnaround Times
⭐ Clear Communication
⭐ Reliable & Easy to Work With
⭐ Long-Term Collaboration Mindset
⭐ Attention to Detail
⭐ Modern Editing Style

I don't just edit videos—I help create content that captures attention, keeps viewers engaged, and supports your business goals.

📩 Send me a message and let's create videos that generate more views, engagement, subscribers, and revenue.

Keywords:
YouTube Video Editor, Video Editor, Video Editing, YouTube Shorts Editor, Reels Editor, TikTok Video Editor, Podcast Editor, Social Media Video Editor, Short Form Video Editor, Long Form Video Editor, Faceless YouTube Videos, Cash Cow Video Editor, Documentary Video Editor, Motion Graphics Designer, After Effects Expert, Premiere Pro Editor, DaVinci Resolve Editor, UGC Video Editor, Facebook Ads Editor, Instagram Ads Editor, YouTube Ads Editor, Thumbnail Designer, Viral Video Editor, Content Repurposing, Color Grading, Sound Design, Podcast Clips, Talking Head Videos, Vlog Editor, Gaming Video Editor, Educational Video Editor.","Video Editing, Video Editing & Production, Video Editing Plugin, Video Editing Software, AVS Video Editor, 360-Degree Video Editing, Adobe Premiere Pro, Adobe After Effects, Instagram Reels, YouTube Shorts, Social Media Video, YouTube Video, Video Ad, Video Production, Video Commercial, Video Animation, Documentary Video, TikTok Video, Video Enhancement, YouTube Marketing"
1275113296062222336,Abdelwahab O.,Egypt,Alexandria,Africa,10.0,1.0,1757.000004,51612.19,0,"Hi, my name is Abdelwahab Oun -video editor, and Social media, specialist. both greatly complement one another. It would be my pleasure to work with you!

My Accolades and achievements:
✅ 100% Job success rate
💲 Upwork TOP RATED PLUS Professional (20k plus in Earnings)

My Motto:
🚩Revisions until satisfied
🚩100% Satisfaction guaranteed
🚩Provide clients with excellent communication
🚩12-hour response time to messages

My Process:
✅ Translate
✅ Review
✅ Inform
✅ Implement


⬇️ Let us get to work ⬇️

With me, you are not just hiring a video editor; you are working with a strategic partner focused on getting your brand into the right audience.","Video Editing, Adobe Premiere Pro, Video Commercial, Adobe After Effects, Instagram Reels, YouTube Shorts, Video Design, Video Production, Video SEO, Video Marketing"
1275113296062222336,Abdelwahab O.,Egypt,Alexandria,Africa,10.0,1.0,1757.000004,51612.19,0,"Hi, my name is Abdelwahab Oun -video editor, and Social media, specialist. both greatly complement one another. It would be my pleasure to work with you!

My Accolades and achievements:
✅ 100% Job success rate
💲 Upwork TOP RATED PLUS Professional (20k plus in Earnings)

My Motto:
🚩Revisions until satisfied
🚩100% Satisfaction guaranteed
🚩Provide clients with excellent communication
🚩12-hour response time to messages

My Process:
✅ Translate
✅ Review
✅ Inform
✅ Implement


⬇️ Let us get to work ⬇️

With me, you are not just hiring a video editor; you are working with a strategic partner focused on getting your brand into the right audience.","Video Editing, Adobe Premiere Pro, Video Commercial, Adobe After Effects, Instagram Reels, YouTube Shorts, Video Design, Video Production, Video SEO, Video Marketing"
1596878922667880448,Tarikul I.,Bangladesh,Gopalganj,Asia,10.0,1.0,438.666672,5824.66,1,"Looking for a YouTube Video Editor who knows how to hold viewer attention and drive channel growth? You are in the right place.

I specialize in high-retention video editing for YouTube Automation, Faceless Channels, Documentaries, and Explainer Videos. I don't just cut clips together I craft visually engaging stories designed to maximize watch time and keep your audience hooked from the very first frame.

Whether you are scaling a cash cow automation channel, producing deep-dive documentaries, or growing a personal brand, I bring your vision to life with cinematic pacing and polished post-production.

What I Can Help You With

YouTube Video Editing: Long-form explainers, faceless videos, and cash cow content.

Documentary & History: Story-driven pacing, historical stock footage sourcing, and deep-dive styles.

Short-Form Content: Instagram Reels, TikToks, and YouTube Shorts formatted for high retention.

Niches: Finance, Business, Mystery/Crime, Tech, Travel, and Educational content.

My Editing Workflow & Techniques

Hook Optimization: Crafting powerful openings to prevent audience drop-off.

Pacing & Pattern Interrupts: Strategic zooms, cuts, and visual changes to maintain high engagement.

Sound Design & Audio Cleaning: Custom SFX, background music mixing, and clear voiceover enhancement.

Visual Enhancements: Motion graphics, kinetic typography/captions, smooth transitions, and color correction.

Software Expertise
Adobe Premiere Pro | Adobe After Effects | DaVinci Resolve | CapCut | Adobe Photoshop | Adobe Audition

Why Work With Me?

Story-First Approach: Focus on storytelling and audience psychology, not just flash effects.

Reliable & Professional: Clear communication, quick turnaround, and strict adherence to deadlines.

Long-Term Partner: Dedicated to helping your channel grow consistently over time.

Ready to take your content to the next level? Send me a message with your script or project details, and let’s discuss how we can bring your video to life!","YouTube Automation, Video Editing, Instagram Reels, Podcast Editing, Adobe Premiere Pro, Adobe After Effects, Adobe Photoshop, Documentary Video, TikTok Video, 2D Animation, CapCut, Canva, YouTube Shorts, Whiteboard Animation, Video Animation, Big Faceless, AVS Video Editor"
1596878922667880448,Tarikul I.,Bangladesh,Gopalganj,Asia,10.0,1.0,438.666672,5824.66,1,"Looking for a YouTube Video Editor who knows how to hold viewer attention and drive channel growth? You are in the right place.

I specialize in high-retention video editing for YouTube Automation, Faceless Channels, Documentaries, and Explainer Videos. I don't just cut clips together I craft visually engaging stories designed to maximize watch time and keep your audience hooked from the very first frame.

Whether you are scaling a cash cow automation channel, producing deep-dive documentaries, or growing a personal brand, I bring your vision to life with cinematic pacing and polished post-production.

What I Can Help You With

YouTube Video Editing: Long-form explainers, faceless videos, and cash cow content.

Documentary & History: Story-driven pacing, historical stock footage sourcing, and deep-dive styles.

Short-Form Content: Instagram Reels, TikToks, and YouTube Shorts formatted for high retention.

Niches: Finance, Business, Mystery/Crime, Tech, Travel, and Educational content.

My Editing Workflow & Techniques

Hook Optimization: Crafting powerful openings to prevent audience drop-off.

Pacing & Pattern Interrupts: Strategic zooms, cuts, and visual changes to maintain high engagement.

Sound Design & Audio Cleaning: Custom SFX, background music mixing, and clear voiceover enhancement.

Visual Enhancements: Motion graphics, kinetic typography/captions, smooth transitions, and color correction.

Software Expertise
Adobe Premiere Pro | Adobe After Effects | DaVinci Resolve | CapCut | Adobe Photoshop | Adobe Audition

Why Work With Me?

Story-First Approach: Focus on storytelling and audience psychology, not just flash effects.

Reliable & Professional: Clear communication, quick turnaround, and strict adherence to deadlines.

Long-Term Partner: Dedicated to helping your channel grow consistently over time.

Ready to take your content to the next level? Send me a message with your script or project details, and let’s discuss how we can bring your video to life!","YouTube Automation, Video Editing, Instagram Reels, Podcast Editing, Adobe Premiere Pro, Adobe After Effects, Adobe Photoshop, Documentary Video, TikTok Video, 2D Animation, CapCut, Canva, YouTube Shorts, Whiteboard Animation, Video Animation, Big Faceless, AVS Video Editor"
1588615475142463488,Rassel M.,Bangladesh,Mirpur,Asia,15.0,1.0,0.0,0.0,1," Hi, My name is Rassel from BANGLADESH . I am a professional video editor & graphic designer I provide services like video editing,visual effects, YT video Editing, Top 10 ,celebrity, Movie recaps and many more. There is also graphic design. If you have have any questions you can contact me. I will be more than happy to converse with you and work too. Thanks","Adobe Premiere Pro, Video Production, Adobe After Effects, YouTube Video, Video Editing & Production, YouTube Marketing, TikTok, Video Post-Editing, AVS Video Editor, YouTube, Video Editing, NFT Video, Motion Graphics"
1588615475142463488,Rassel M.,Bangladesh,Mirpur,Asia,15.0,1.0,0.0,0.0,1," Hi, My name is Rassel from BANGLADESH . I am a professional video editor & graphic designer I provide services like video editing,visual effects, YT video Editing, Top 10 ,celebrity, Movie recaps and many more. There is also graphic design. If you have have any questions you can contact me. I will be more than happy to converse with you and work too. Thanks","Adobe Premiere Pro, Video Production, Adobe After Effects, YouTube Video, Video Editing & Production, YouTube Marketing, TikTok, Video Post-Editing, AVS Video Editor, YouTube, Video Editing, NFT Video, Motion Graphics"
1792597832520036352,Muhammad Shafqat N.,Pakistan,Dera Ghazi Khan,Asia,5.0,1.0,20.000001,2918.04,1,"Welcome to Professional Video Editing Excellence!
✨ Hi! I'm a professional video editor with 5+ years of experience creating engaging, high-quality content for YouTube, TikTok, Instagram Reels, and YouTube Shorts. If you need fast, professional video editing that grows your channel, you've found the right editor!

🎯 What I Specialize In:
✅ YouTube Video Editing - Complete channel growth strategy through cinematic editing

✅ YouTube Shorts Editing - Fast-paced, trending, thumb-stopping content

✅ Instagram Reels Editing - Viral-ready, aesthetic, trend-focused videos

✅ TikTok Video Editing - Trending sounds, transitions, effects for maximum engagement

✅ Short-Form Content - Hook viewers in 3 seconds with professional editing

✅ Long-Form YouTube Videos - Documentaries, vlogs, tutorials, reviews

💪 My Expertise:
🎥 Video Editing Software: Adobe Premiere Pro (Expert Level)

🎨 Skills: Color Grading, Motion Graphics, Sound Design, Transitions, Effects, Thumbnails

⚡ Specialization: Fast Turnaround ✓ High-Quality Output ✓ Trending Styles ✓ Channel Growth

📊 Why Choose Me?
✨ Professional Quality - Cinema-grade video editing that looks premium

⚡ Fast Turnaround - Quick delivery without compromising quality

🎯 Growth-Focused - Edit for engagement, retention, and algorithm boost

📱 Platform Expert - Know what works on YouTube, Reels, Shorts, TikTok

💎 Attention to Detail - Every frame matters for channel success

🔄 Unlimited Revisions - Until you're 100% satisfied

📝 I Handle:
📹 Video Types:

YouTube Video Editing (Vlogs, Tutorials, Reviews, Compilations)
YouTube Shorts Editing (15-60 second engaging videos)
TikTok Videos (Trending, high-energy content)
Instagram Reels (Aesthetic, trending, viral content)
Social Media Content (All platforms optimized)
Podcast Editing (Audio + Visuals)
Product Videos (E-commerce, marketing)
Event Videos (Weddings, corporate, promotional)

🎬 Editing Services:

Raw footage to polished final video
Color correction & grading
Motion graphics & animations
Trending transitions & effects
Audio syncing & sound design
Thumbnail design
Multi-platform optimization


🚀 My Process:
1️⃣ Understand - Know your vision, target audience, and platform

2️⃣ Create - Professional editing with trending styles & effects

3️⃣ Review - Share drafts for feedback (unlimited revisions)

4️⃣ Deliver - Final video optimized for maximum engagement

⏱️ Quick Turnaround Times:
⚡ YouTube Shorts (15-60 sec) - 24 hours

⚡ Short-Form Videos (1-5 min) - 48 hours

⚡ Long-Form Videos (10-30 min) - 5-7 days

⚡ Bulk Orders - Custom timeline

💬 Client Testimonials:
""Professional, fast, and delivers exactly what I need!""

""My engagement doubled after professional editing!""

""Best video editor for YouTube growth!""

🎯 Perfect For:
✓ YouTube Creators wanting channel growth

✓ Content creators managing multiple platforms

✓ TikTok creators needing trendy, fast edits

✓ Instagram influencers & Reels creators

✓ E-commerce businesses (product videos)

✓ Marketing agencies & brands

✓ Podcast creators

✓ Anyone wanting professional video editing

📞 Let's Grow Your Channel Together!
Ready to take your video content to the next level?
✨ Message me with:

What type of videos you need edited
Your target audience
Platform (YouTube, TikTok, Reels, Shorts)
Your timeline

Let's create videos that get views, engagement, and results! 🚀","Video Editing, Video Editing & Production, Video Editing Plugin, Video Editing Software, 360-Degree Video Editing, Adobe Premiere Pro, AVS Video Editor, Instagram Reels, YouTube Shorts, Short Video Ad, Social Media Video, TikTok Video, TikTok Ad, YouTube Video, Motion Graphics, Short Video, Podcast, Video Animation, Color Correction, DaVinci Resolve"
1792597832520036352,Muhammad Shafqat N.,Pakistan,Dera Ghazi Khan,Asia,5.0,1.0,20.000001,2918.04,1,"Welcome to Professional Video Editing Excellence!
✨ Hi! I'm a professional video editor with 5+ years of experience creating engaging, high-quality content for YouTube, TikTok, Instagram Reels, and YouTube Shorts. If you need fast, professional video editing that grows your channel, you've found the right editor!

🎯 What I Specialize In:
✅ YouTube Video Editing - Complete channel growth strategy through cinematic editing

✅ YouTube Shorts Editing - Fast-paced, trending, thumb-stopping content

✅ Instagram Reels Editing - Viral-ready, aesthetic, trend-focused videos

✅ TikTok Video Editing - Trending sounds, transitions, effects for maximum engagement

✅ Short-Form Content - Hook viewers in 3 seconds with professional editing

✅ Long-Form YouTube Videos - Documentaries, vlogs, tutorials, reviews

💪 My Expertise:
🎥 Video Editing Software: Adobe Premiere Pro (Expert Level)

🎨 Skills: Color Grading, Motion Graphics, Sound Design, Transitions, Effects, Thumbnails

⚡ Specialization: Fast Turnaround ✓ High-Quality Output ✓ Trending Styles ✓ Channel Growth

📊 Why Choose Me?
✨ Professional Quality - Cinema-grade video editing that looks premium

⚡ Fast Turnaround - Quick delivery without compromising quality

🎯 Growth-Focused - Edit for engagement, retention, and algorithm boost

📱 Platform Expert - Know what works on YouTube, Reels, Shorts, TikTok

💎 Attention to Detail - Every frame matters for channel success

🔄 Unlimited Revisions - Until you're 100% satisfied

📝 I Handle:
📹 Video Types:

YouTube Video Editing (Vlogs, Tutorials, Reviews, Compilations)
YouTube Shorts Editing (15-60 second engaging videos)
TikTok Videos (Trending, high-energy content)
Instagram Reels (Aesthetic, trending, viral content)
Social Media Content (All platforms optimized)
Podcast Editing (Audio + Visuals)
Product Videos (E-commerce, marketing)
Event Videos (Weddings, corporate, promotional)

🎬 Editing Services:

Raw footage to polished final video
Color correction & grading
Motion graphics & animations
Trending transitions & effects
Audio syncing & sound design
Thumbnail design
Multi-platform optimization


🚀 My Process:
1️⃣ Understand - Know your vision, target audience, and platform

2️⃣ Create - Professional editing with trending styles & effects

3️⃣ Review - Share drafts for feedback (unlimited revisions)

4️⃣ Deliver - Final video optimized for maximum engagement

⏱️ Quick Turnaround Times:
⚡ YouTube Shorts (15-60 sec) - 24 hours

⚡ Short-Form Videos (1-5 min) - 48 hours

⚡ Long-Form Videos (10-30 min) - 5-7 days

⚡ Bulk Orders - Custom timeline

💬 Client Testimonials:
""Professional, fast, and delivers exactly what I need!""

""My engagement doubled after professional editing!""

""Best video editor for YouTube growth!""

🎯 Perfect For:
✓ YouTube Creators wanting channel growth

✓ Content creators managing multiple platforms

✓ TikTok creators needing trendy, fast edits

✓ Instagram influencers & Reels creators

✓ E-commerce businesses (product videos)

✓ Marketing agencies & brands

✓ Podcast creators

✓ Anyone wanting professional video editing

📞 Let's Grow Your Channel Together!
Ready to take your video content to the next level?
✨ Message me with:

What type of videos you need edited
Your target audience
Platform (YouTube, TikTok, Reels, Shorts)
Your timeline

Let's create videos that get views, engagement, and results! 🚀","Video Editing, Video Editing & Production, Video Editing Plugin, Video Editing Software, 360-Degree Video Editing, Adobe Premiere Pro, AVS Video Editor, Instagram Reels, YouTube Shorts, Short Video Ad, Social Media Video, TikTok Video, TikTok Ad, YouTube Video, Motion Graphics, Short Video, Podcast, Video Animation, Color Correction, DaVinci Resolve"
1789701242019405824,Juwel A.,Bangladesh,Khulna,Asia,5.0,1.0,249.33333,1668.43,0,"Hi, I'm Juwel, A professional video editor with3+ years of freelancing experience helping YouTube creators brands and businesses produce engaging video content that captures attention and drives results.

I specialize in YouTube video editing short-form video editing Instagram Reels TikTok editing YouTube Shorts promotional video editing social media video ads, and explainer videos My focus is creating visually compelling videos with smooth storytelling, dynamic pacing, and professional finishing.

✨What I Can Do For You
YouTube Video Editing – long-form, automation & faceless content
Short-Form Video Editing – Instagram Reels, TikTok & YouTube Shorts
Social Media Ads & Promotional Videos – Facebook Ads, Meta Ads, UGC video editing
Motion Graphics & Visual Effects – After Effects animations, lower thirds, intros/outros
Color Grading & Color Correction – cinematic, natural & brand-consistent looks
Sound Design, Audio Editing & Smooth Transitions
Podcast Video Editing – audiograms & branded visuals
High-Quality Stock Footage & B-Roll Integration

🛠 Tools & Software
Adobe Premiere Pro
Adobe After Effects
DaVinci Resolve
 Adobe Photoshop- CapCut

🚀 Why Clients Choose Me
✔ Fast turnaround & reliable communication
✔ Clean, engaging & professional video edits
✔ Expert in  video post-production & video production
✔ Strong understanding of  visual storytelling  & audience retention
✔ 100% focus on client satisfaction & long-term collaboration

Whether you need a YouTube video editor, a social media content editor, a UGC video editor or a video ads specialist — I'm here to deliver high-quality results that stand out.

📩 Send me a message and let's discuss your  video editing project.","Video Editing, Video Transition, Video Editing Plugin, Video Upload, Video Lighting, Video Ripping, Video Production, Video Publishing, Video Player Plugin"
1789701242019405824,Juwel A.,Bangladesh,Khulna,Asia,5.0,1.0,249.33333,1668.43,0,"Hi, I'm Juwel, A professional video editor with3+ years of freelancing experience helping YouTube creators brands and businesses produce engaging video content that captures attention and drives results.

I specialize in YouTube video editing short-form video editing Instagram Reels TikTok editing YouTube Shorts promotional video editing social media video ads, and explainer videos My focus is creating visually compelling videos with smooth storytelling, dynamic pacing, and professional finishing.

✨What I Can Do For You
YouTube Video Editing – long-form, automation & faceless content
Short-Form Video Editing – Instagram Reels, TikTok & YouTube Shorts
Social Media Ads & Promotional Videos – Facebook Ads, Meta Ads, UGC video editing
Motion Graphics & Visual Effects – After Effects animations, lower thirds, intros/outros
Color Grading & Color Correction – cinematic, natural & brand-consistent looks
Sound Design, Audio Editing & Smooth Transitions
Podcast Video Editing – audiograms & branded visuals
High-Quality Stock Footage & B-Roll Integration

🛠 Tools & Software
Adobe Premiere Pro
Adobe After Effects
DaVinci Resolve
 Adobe Photoshop- CapCut

🚀 Why Clients Choose Me
✔ Fast turnaround & reliable communication
✔ Clean, engaging & professional video edits
✔ Expert in  video post-production & video production
✔ Strong understanding of  visual storytelling  & audience retention
✔ 100% focus on client satisfaction & long-term collaboration

Whether you need a YouTube video editor, a social media content editor, a UGC video editor or a video ads specialist — I'm here to deliver high-quality results that stand out.

📩 Send me a message and let's discuss your  video editing project.","Video Editing, Video Transition, Video Editing Plugin, Video Upload, Video Lighting, Video Ripping, Video Production, Video Publishing, Video Player Plugin"
1759820216273215488,Maryam B.,Pakistan,Dera Ghazi Khan,Asia,5.0,1.0,243.666666,9569.78,5,"💯Professional Video Editor🎥

🙋 I am a passionate and detail-oriented video editor with extensive experience in YouTube and Social Media Video Editing. My sublime efforts are focused on creating visually captivating content that engages audiences. Whether it’s a corporate promotional video, a documentary, or a creative short film, I bring imagination and excellence to every project.

✅Skills:

🔷Video Editing and Production: I excel in editing raw footage into polished, cohesive videos.
🔷Software Proficiency: I am proficient in industry-standard tools such as Adobe Premiere Pro CC, DaVinci Resolve 18 and CapCut.
🔷Creative Vision: My aesthetic thoughts and excellent vision allow me to craft compelling narratives.
🔷Team Collaboration: I thrive in collaborative environments and am an effective communicator.
🔷Meeting Deadlines: I understand the importance of timely delivery and consistently meet project deadlines.
🔷Photo Editing: Proficient in Photoshop for enhancing visuals.

🔴Portfolio Highlights🔴

🔵Corporate Videos: Check out my portfolio for examples of professional corporate videos that effectively convey brand messages.
🔵Documentaries: Witness my storytelling skills through thought-provoking documentary edits.
🔵Client Satisfaction: I am committed to providing exceptional service and ensuring client satisfaction. Let’s collaborate to transform your video ideas into captivating visual stories.

Feel free to reach out—I’d love to discuss your next project! 🎬","Video Editing, Video Editing & Production, Video Editing Plugin, Video Editing Software, AVS Video Editor, 360-Degree Video Editing, Adobe Premiere Pro, Wedding & Event Video, Travel Video, Instagram Reels, YouTube Shorts, Podcast Editing, YouTube Channel Intro, YouTube Video"
1759820216273215488,Maryam B.,Pakistan,Dera Ghazi Khan,Asia,5.0,1.0,243.666666,9569.78,5,"💯Professional Video Editor🎥

🙋 I am a passionate and detail-oriented video editor with extensive experience in YouTube and Social Media Video Editing. My sublime efforts are focused on creating visually captivating content that engages audiences. Whether it’s a corporate promotional video, a documentary, or a creative short film, I bring imagination and excellence to every project.

✅Skills:

🔷Video Editing and Production: I excel in editing raw footage into polished, cohesive videos.
🔷Software Proficiency: I am proficient in industry-standard tools such as Adobe Premiere Pro CC, DaVinci Resolve 18 and CapCut.
🔷Creative Vision: My aesthetic thoughts and excellent vision allow me to craft compelling narratives.
🔷Team Collaboration: I thrive in collaborative environments and am an effective communicator.
🔷Meeting Deadlines: I understand the importance of timely delivery and consistently meet project deadlines.
🔷Photo Editing: Proficient in Photoshop for enhancing visuals.

🔴Portfolio Highlights🔴

🔵Corporate Videos: Check out my portfolio for examples of professional corporate videos that effectively convey brand messages.
🔵Documentaries: Witness my storytelling skills through thought-provoking documentary edits.
🔵Client Satisfaction: I am committed to providing exceptional service and ensuring client satisfaction. Let’s collaborate to transform your video ideas into captivating visual stories.

Feel free to reach out—I’d love to discuss your next project! 🎬","Video Editing, Video Editing & Production, Video Editing Plugin, Video Editing Software, AVS Video Editor, 360-Degree Video Editing, Adobe Premiere Pro, Wedding & Event Video, Travel Video, Instagram Reels, YouTube Shorts, Podcast Editing, YouTube Channel Intro, YouTube Video"
1939584158738370034,Tymofii Z.,Ukraine,Kovel,Europe,14.0,1.0,43.499998,4539.07,0,"I am a video editor specializing in daily video vlogs. I focus on speed and attention to detail. I have experience with interviews, vlogs, and videos without a person (only voiceover)

Working in Adobe Premiere Pro and After Effects 
","Video Editing, Adobe Premiere Pro, Adobe After Effects, Vlog, Color Grading, Video Color Correction, Video Editing & Production, Video Editing Software"
1939584158738370034,Tymofii Z.,Ukraine,Kovel,Europe,14.0,1.0,43.499998,4539.07,0,"I am a video editor specializing in daily video vlogs. I focus on speed and attention to detail. I have experience with interviews, vlogs, and videos without a person (only voiceover)

Working in Adobe Premiere Pro and After Effects 
","Video Editing, Adobe Premiere Pro, Adobe After Effects, Vlog, Color Grading, Video Color Correction, Video Editing & Production, Video Editing Software"
1772488586192375808,Hamza M.,Pakistan,Karachi,Asia,12.0,1.0,8.166667,12309.88,0,"Professional Video Editing & Motion Graphics That Drive Engagement

🚀 Looking for videos that capture attention and keep viewers watching?

I help creators, brands, and businesses turn raw footage into engaging content optimized for YouTube, Instagram Reels, TikTok, and other social media platforms. Whether you need short-form content, long-form videos, motion graphics, or ad creatives, I deliver edits designed to increase retention, engagement, and overall content performance.

What I Can Help You With

✔️ Short-Form Content (Reels, Shorts & TikToks)
✔️ Long-Form YouTube Video Editing
✔️ Motion Graphics & Custom Animations
✔️ Social Media Ads & Promotional Videos
✔️ Dynamic Captions & Subtitles
✔️ AI-Powered Enhancements & Upscaling
✔️ Color Grading & Audio Enhancement
✔️ Brand-Focused Content Creation

Why Work With Me?

✅ **Free Trial Edit** – Receive a 30–50 second sample before making a decision.
✅ **Unlimited Revisions** – Your satisfaction comes first.
✅ **Fast Turnaround Times** – Reliable delivery without sacrificing quality.
✅ **Retention-Focused Editing** – Every edit is designed to keep viewers engaged.
✅ **Platform Optimization** – Content tailored specifically for YouTube, Instagram, TikTok, and Meta Ads.

Editing Skills & Expertise

🎬 High-Retention Editing Styles
🎬 Motion Graphics & Visual Effects
🎬 Dynamic Text Animations & Captions
🎬 Cinematic Color Grading
🎬 Sound Design & Audio Cleanup
🎬 Green Screen Editing & Compositing
🎬 Speed Ramping & Seamless Transitions
🎬 Multi-Camera Editing
🎬 Custom Branding Elements & Logo Animations

Tools I Use

Adobe Premiere Pro • After Effects • CapCut • Photoshop • AI Video Enhancement Tools

With over 4 years of professional editing experience, I've helped businesses, coaches, agencies, and creators produce content that stands out in competitive markets and keeps audiences engaged.

📩 Send me a message today, and let's create content that gets results.","Video Editing, Video Editing & Production, Adobe After Effects, Video Intro & Outro, Adobe Premiere Pro, YouTube Video, TikTok Video, Caption, Video Post-Editing, Testimonial Video, Instagram Reels, Film Editing, Documentary Video, Explainer Video, AVS Video Editor"
1772488586192375808,Hamza M.,Pakistan,Karachi,Asia,12.0,1.0,8.166667,12309.88,0,"Professional Video Editing & Motion Graphics That Drive Engagement

🚀 Looking for videos that capture attention and keep viewers watching?

I help creators, brands, and businesses turn raw footage into engaging content optimized for YouTube, Instagram Reels, TikTok, and other social media platforms. Whether you need short-form content, long-form videos, motion graphics, or ad creatives, I deliver edits designed to increase retention, engagement, and overall content performance.

What I Can Help You With

✔️ Short-Form Content (Reels, Shorts & TikToks)
✔️ Long-Form YouTube Video Editing
✔️ Motion Graphics & Custom Animations
✔️ Social Media Ads & Promotional Videos
✔️ Dynamic Captions & Subtitles
✔️ AI-Powered Enhancements & Upscaling
✔️ Color Grading & Audio Enhancement
✔️ Brand-Focused Content Creation

Why Work With Me?

✅ **Free Trial Edit** – Receive a 30–50 second sample before making a decision.
✅ **Unlimited Revisions** – Your satisfaction comes first.
✅ **Fast Turnaround Times** – Reliable delivery without sacrificing quality.
✅ **Retention-Focused Editing** – Every edit is designed to keep viewers engaged.
✅ **Platform Optimization** – Content tailored specifically for YouTube, Instagram, TikTok, and Meta Ads.

Editing Skills & Expertise

🎬 High-Retention Editing Styles
🎬 Motion Graphics & Visual Effects
🎬 Dynamic Text Animations & Captions
🎬 Cinematic Color Grading
🎬 Sound Design & Audio Cleanup
🎬 Green Screen Editing & Compositing
🎬 Speed Ramping & Seamless Transitions
🎬 Multi-Camera Editing
🎬 Custom Branding Elements & Logo Animations

Tools I Use

Adobe Premiere Pro • After Effects • CapCut • Photoshop • AI Video Enhancement Tools

With over 4 years of professional editing experience, I've helped businesses, coaches, agencies, and creators produce content that stands out in competitive markets and keeps audiences engaged.

📩 Send me a message today, and let's create content that gets results.","Video Editing, Video Editing & Production, Adobe After Effects, Video Intro & Outro, Adobe Premiere Pro, YouTube Video, TikTok Video, Caption, Video Post-Editing, Testimonial Video, Instagram Reels, Film Editing, Documentary Video, Explainer Video, AVS Video Editor"
1699999444045664256,Umer S.,Pakistan,Haripur,Asia,10.0,1.0,373.0,10520.5,3," Tired of boring videos that don’t convert? Let me turn your content into a sales machine.

🎬 I’m a Top Rated Video Editor with 6+ years of experience, trusted by 100+ brands to create videos that stop the scroll, hook viewers, and drive real results.

I specialize in:
✅ VSLs – High-converting sales videos that build trust & drive action
✅ UGC Edits – Native-style, relatable content for TikTok, IG & Meta Ads
✅ eCommerce Videos – Product-focused edits that skyrocket sales
✅ Cash Cow YouTube – Engaging, monetized content for passive income
✅ YouTube Editing – Retention-focused edits that grow your channel


📩 Let’s craft videos that don’t just look good — they grow your business.","Adobe Premiere Pro, Adobe After Effects, YouTube Video, YouTube Shorts, Instagram Reels, Video Post-Editing, Video Editing, UGC, Facebook Ads Manager, TikTok Ad, TikTok Video, AVS Video Editor, AI Video Generator, AI Video Generation"
1699999444045664256,Umer S.,Pakistan,Haripur,Asia,10.0,1.0,373.0,10520.5,3," Tired of boring videos that don’t convert? Let me turn your content into a sales machine.

🎬 I’m a Top Rated Video Editor with 6+ years of experience, trusted by 100+ brands to create videos that stop the scroll, hook viewers, and drive real results.

I specialize in:
✅ VSLs – High-converting sales videos that build trust & drive action
✅ UGC Edits – Native-style, relatable content for TikTok, IG & Meta Ads
✅ eCommerce Videos – Product-focused edits that skyrocket sales
✅ Cash Cow YouTube – Engaging, monetized content for passive income
✅ YouTube Editing – Retention-focused edits that grow your channel


📩 Let’s craft videos that don’t just look good — they grow your business.","Adobe Premiere Pro, Adobe After Effects, YouTube Video, YouTube Shorts, Instagram Reels, Video Post-Editing, Video Editing, UGC, Facebook Ads Manager, TikTok Ad, TikTok Video, AVS Video Editor, AI Video Generator, AI Video Generation"
1800004306230198272,Rojit S.,Nepal,Bhaktapur,Asia,5.0,0.0,0.0,275.5,0,"Hello there,👋
Im a well trained professional video editor. Who might be a perfect fit for your works.
❗️My skills are-
-Engaging shorts
- Making engaging visuals
- Color Correction & Grading
- Sound Editing
- Transitions & Effects
- Storytelling
❗️The softwares i use—
- Adobe Premiere Pro
- Adobe After Effects
- Capcut

**Experience:**
- Nearly four years of experience as a video editor.
- Proficient in working with different video formats and resolutions.
- Strong understanding of storytelling and pacing in video content.
- Adept at integrating music, voiceovers, and sound effects to enhance the viewer's experience.

**Communication:**
I believe in clear and open communication. I am responsive to messages and will keep you updated on the progress of your project.

**Let's Collaborate:**
If you're looking for a reliable and creative video editor to bring your project to life, I'd love to discuss how we can work together. Please feel free to send me a message, and let's start creating something amazing !
less","Video Editing, Graphic Design, Graphic Animation"
1800004306230198272,Rojit S.,Nepal,Bhaktapur,Asia,5.0,0.0,0.0,275.5,0,"Hello there,👋
Im a well trained professional video editor. Who might be a perfect fit for your works.
❗️My skills are-
-Engaging shorts
- Making engaging visuals
- Color Correction & Grading
- Sound Editing
- Transitions & Effects
- Storytelling
❗️The softwares i use—
- Adobe Premiere Pro
- Adobe After Effects
- Capcut

**Experience:**
- Nearly four years of experience as a video editor.
- Proficient in working with different video formats and resolutions.
- Strong understanding of storytelling and pacing in video content.
- Adept at integrating music, voiceovers, and sound effects to enhance the viewer's experience.

**Communication:**
I believe in clear and open communication. I am responsive to messages and will keep you updated on the progress of your project.

**Let's Collaborate:**
If you're looking for a reliable and creative video editor to bring your project to life, I'd love to discuss how we can work together. Please feel free to send me a message, and let's start creating something amazing !
less","Video Editing, Graphic Design, Graphic Animation"
1452908714876203008,Beka C.,Georgia,Tbilisi,Asia,15.0,1.0,52.500001,642.83,0,"Hey! I’m a full-time video editor with 5+ years of experience, creating high-quality videos for YouTube, social media, and sports. I bring energy, style, and storytelling to every project.

I work fast, communicate clearly, and deliver high-quality edits that fit your style and audience.

Let’s turn your footage into something unforgettable! 🚀

Video Editing Software Skills:
🖥️ Adobe Premiere Pro
🎞️ Final Cut Pro
🎬 DaVinci Resolve
✨ Adobe After Effects

What I Can Do for You:
🎬 Video Editing (YouTube, Instagram, TikTok, etc.)
⚽🏀 Sports Highlights (Football, Basketball, and more)
🤖 AI-Generated Content Editing
🎤 Documentary & Interview Cuts
🎨 Color Correction & Grading
🎧 Sound Editing & Music Syncing
✍️ Titles, Subtitles & Motion Graphics

Additional Skills:
🖌️ Adobe Photoshop
🎨 Adobe Illustrator
⏱️ Fast Turnaround & Time Management

","Video Editing, Video Commercial, Video Intro & Outro, Social Media Video, Social Media Content Creation, Adobe Premiere Pro, Adobe After Effects, Graphic Animation, Sound Design, DaVinci Resolve"
1452908714876203008,Beka C.,Georgia,Tbilisi,Asia,15.0,1.0,52.500001,642.83,0,"Hey! I’m a full-time video editor with 5+ years of experience, creating high-quality videos for YouTube, social media, and sports. I bring energy, style, and storytelling to every project.

I work fast, communicate clearly, and deliver high-quality edits that fit your style and audience.

Let’s turn your footage into something unforgettable! 🚀

Video Editing Software Skills:
🖥️ Adobe Premiere Pro
🎞️ Final Cut Pro
🎬 DaVinci Resolve
✨ Adobe After Effects

What I Can Do for You:
🎬 Video Editing (YouTube, Instagram, TikTok, etc.)
⚽🏀 Sports Highlights (Football, Basketball, and more)
🤖 AI-Generated Content Editing
🎤 Documentary & Interview Cuts
🎨 Color Correction & Grading
🎧 Sound Editing & Music Syncing
✍️ Titles, Subtitles & Motion Graphics

Additional Skills:
🖌️ Adobe Photoshop
🎨 Adobe Illustrator
⏱️ Fast Turnaround & Time Management

","Video Editing, Video Commercial, Video Intro & Outro, Social Media Video, Social Media Content Creation, Adobe Premiere Pro, Adobe After Effects, Graphic Animation, Sound Design, DaVinci Resolve"
1182894752853204992,Bien Jesus R.,Philippines,Manila,Asia,10.0,0.97185,3558.833331,25932.2,0,"Creative Video Editor | Social Media, Reels, YouTube & Commercial Content

I’m a talented and creative Video Editor with 10 years of experience creating engaging, high-quality content for brands, businesses, creators, and personal projects.

I specialize in short-form and long-form video editing, including trending social media content designed for Instagram Reels, TikTok, YouTube Shorts, Facebook, and YouTube.

🎬 What I can edit:

Instagram Reels, TikTok & YouTube Shorts
Trending social media videos
Talking-head & personal branding videos
YouTube videos & vlogs
Wedding films & highlights
Music videos / MTV
TV commercials & TV plugs
Corporate & promotional videos
Real estate videos
Event videos
Product & brand videos
AI-assisted video content

I have advanced skills in Adobe Creative Cloud, including Premiere Pro, After Effects, Photoshop, and other Adobe tools. I focus on clean cuts, engaging pacing, captions, transitions, sound design, motion graphics, and storytelling that keeps viewers watching.

I’m detail-oriented, creative, and committed to delivering professional work while making sure the final video matches the client’s vision.

If you’re looking for a reliable video editor who can turn your footage into engaging, professional, and modern content, I’d be happy to work with you!","Adobe After Effects, Adobe Premiere Pro, Final Cut Pro, Adobe Photoshop, YouTube Ads, YouTube Video, Wedding Video, Events & Weddings, Corporate Video"
1182894752853204992,Bien Jesus R.,Philippines,Manila,Asia,10.0,0.97185,3558.833331,25932.2,0,"Creative Video Editor | Social Media, Reels, YouTube & Commercial Content

I’m a talented and creative Video Editor with 10 years of experience creating engaging, high-quality content for brands, businesses, creators, and personal projects.

I specialize in short-form and long-form video editing, including trending social media content designed for Instagram Reels, TikTok, YouTube Shorts, Facebook, and YouTube.

🎬 What I can edit:

Instagram Reels, TikTok & YouTube Shorts
Trending social media videos
Talking-head & personal branding videos
YouTube videos & vlogs
Wedding films & highlights
Music videos / MTV
TV commercials & TV plugs
Corporate & promotional videos
Real estate videos
Event videos
Product & brand videos
AI-assisted video content

I have advanced skills in Adobe Creative Cloud, including Premiere Pro, After Effects, Photoshop, and other Adobe tools. I focus on clean cuts, engaging pacing, captions, transitions, sound design, motion graphics, and storytelling that keeps viewers watching.

I’m detail-oriented, creative, and committed to delivering professional work while making sure the final video matches the client’s vision.

If you’re looking for a reliable video editor who can turn your footage into engaging, professional, and modern content, I’d be happy to work with you!","Adobe After Effects, Adobe Premiere Pro, Final Cut Pro, Adobe Photoshop, YouTube Ads, YouTube Video, Wedding Video, Events & Weddings, Corporate Video"
1726463417397395456,Sobia N.,Pakistan,Lahore,Asia,6.0,1.0,93.166666,1868.13,0,"Are you looking for a creative and reliable video editor who can turn your raw footage into scroll-stopping content? You’ve come to the right place.

I’m a professional video editor with over  4 yearsof experience editing:

✅ YouTube Shorts & Long Videos

✅ TikTok & Instagram Reels

✅ Podcast Clips & Talking Head Videos

✅ Vlogs, Gaming, and Promotional Content


I use industry-leading tools like CapCut, Adobe Premiere Pro, and After Effects to create engaging, fast-paced videos that keep your audience watching.

🔹 What You’ll Get:

✨ High-quality editing with fast turnaround

🎵 Music syncing, transitions, and motion effects

💬 Captions/Subtitles for better engagement

🔥 Viral hooks and strong visual storytelling

📈 Optimized videos for better watch-time and growth


Whether you're a YouTuber, a coach, or a brand — I’m here to take your content to the next level.

🟢 Let’s grow your audience with videos that stand out in a crowded feed.

Inbox me now and let’s get started within 24 hours!
","Video Editing, 360-Degree Video Editing, Adobe Premiere Pro, Instagram Reels, YouTube Shorts, Video Advertising, YouTube Video, Video Editing & Production, Video Editing Plugin, Video Editing Software, AVS Video Editor, Video Ad, Video Design, Video Production, YouTube"
1726463417397395456,Sobia N.,Pakistan,Lahore,Asia,6.0,1.0,93.166666,1868.13,0,"Are you looking for a creative and reliable video editor who can turn your raw footage into scroll-stopping content? You’ve come to the right place.

I’m a professional video editor with over  4 yearsof experience editing:

✅ YouTube Shorts & Long Videos

✅ TikTok & Instagram Reels

✅ Podcast Clips & Talking Head Videos

✅ Vlogs, Gaming, and Promotional Content


I use industry-leading tools like CapCut, Adobe Premiere Pro, and After Effects to create engaging, fast-paced videos that keep your audience watching.

🔹 What You’ll Get:

✨ High-quality editing with fast turnaround

🎵 Music syncing, transitions, and motion effects

💬 Captions/Subtitles for better engagement

🔥 Viral hooks and strong visual storytelling

📈 Optimized videos for better watch-time and growth


Whether you're a YouTuber, a coach, or a brand — I’m here to take your content to the next level.

🟢 Let’s grow your audience with videos that stand out in a crowded feed.

Inbox me now and let’s get started within 24 hours!
","Video Editing, 360-Degree Video Editing, Adobe Premiere Pro, Instagram Reels, YouTube Shorts, Video Advertising, YouTube Video, Video Editing & Production, Video Editing Plugin, Video Editing Software, AVS Video Editor, Video Ad, Video Design, Video Production, YouTube"
1962360449585832346,Muhammad N.,Pakistan,Dera Ghazi Khan,Asia,5.0,1.0,86.5,1185.32,4,"
Hello!  I’m Nazik, a passionate Video Editor with expertise in YouTube automation, short-form content, long-form videos, and brand promotion ads.

What I can do for you:

 Short-form viral videos (TikTok, Reels, Shorts)
 Long-form YouTube videos (editing, automation & optimization)
Brand & product promotion videos that drive results
 Smooth transitions, subtitles, effects & engaging storytelling

Why choose me?
✅ 100% dedication to client satisfaction
✅ Fast delivery with professional quality
✅ Creative editing that keeps viewers hooked

Let’s work together to take your YouTube channel, brand, or social media presence to the next level. 

 Feel free to invite me ,  I’d love to help bring your vision to life!","Video Editing Plugin, Video Editing Software, AVS Video Editor, 360-Degree Video Editing, YouTube Video, Instagram Reels, Adobe Premiere Pro, Short Video, Video Animation, Wedding & Event Video"
1962360449585832346,Muhammad N.,Pakistan,Dera Ghazi Khan,Asia,5.0,1.0,86.5,1185.32,4,"
Hello!  I’m Nazik, a passionate Video Editor with expertise in YouTube automation, short-form content, long-form videos, and brand promotion ads.

What I can do for you:

 Short-form viral videos (TikTok, Reels, Shorts)
 Long-form YouTube videos (editing, automation & optimization)
Brand & product promotion videos that drive results
 Smooth transitions, subtitles, effects & engaging storytelling

Why choose me?
✅ 100% dedication to client satisfaction
✅ Fast delivery with professional quality
✅ Creative editing that keeps viewers hooked

Let’s work together to take your YouTube channel, brand, or social media presence to the next level. 

 Feel free to invite me ,  I’d love to help bring your vision to life!","Video Editing Plugin, Video Editing Software, AVS Video Editor, 360-Degree Video Editing, YouTube Video, Instagram Reels, Adobe Premiere Pro, Short Video, Video Animation, Wedding & Event Video"
1709455438079266816,Nguyen H.,Vietnam,Ho Chi Minh City,Asia,10.0,1.0,700.000001,8350.45,0,"I’m a video editor who helps YouTubers and creators turn their raw footage to engaging and professional contents.
","Adobe After Effects, Video Editing, Adobe Premiere Pro, Custom Sound Effects, Video Transition, Video Animation, Video Commercial"
1709455438079266816,Nguyen H.,Vietnam,Ho Chi Minh City,Asia,10.0,1.0,700.000001,8350.45,0,"I’m a video editor who helps YouTubers and creators turn their raw footage to engaging and professional contents.
","Adobe After Effects, Video Editing, Adobe Premiere Pro, Custom Sound Effects, Video Transition, Video Animation, Video Commercial"
2049691862267610384,Van T.,Vietnam,Vinh,Asia,13.0,1.0,714.333333,8963.2,0,"Tired of inconsistent editors, missed deadlines, and flat retention rates? Stop losing views to bad pacing. Send me your raw footage, and I’ll engineer high-retention videos that hook your audience, maximize watch time, and scale your revenue. That’s my guarantee

I’m Van, a full-time video editor turning raw footage into high-retention assets that drive views and revenue.

💥 What I Fix For You
Low Retention: Fast-paced cuts, sound design, and pattern interrupts to lock in viewer attention.

Missed Deadlines: Clear communication, structured workflows, and 100% on-time delivery.

Inconsistent Quality: Tailored pacing and visual styles built for each platform's algorithm (Shorts, TikTok, Reels, YouTube).

🎬 Core Services
Short-Form Content: Dynamic pacing, kinetic typography, and engaging B-roll.

Talking-Head & Brands: Seamless edits, digital zooms, and polished audio.

Long-Form & Podcasts: High-retention narrative flow and clean motion graphics.

Meta & TikTok Ads: Direct-response edits, strong visual hooks, and data-driven pacing to lower CPA

UGC & AI Creatives: Authentic user-generated content blended with AI-driven visuals to scale ad variations and maximize conversions
🛠️ Tool Stack
Adobe Premiere Pro | After Effects | DaVinci Resolve | Photoshop
🔥 Proven Results: Van understands direct-response editing inside out. After switching to his video creatives, our conversion rate doubled, and our CPA dropped significantly. If you want ads that actually convert, hire him!
Ready to scale your channel?

👉 Click ""Invite"" or ""Send Message"" to get started.

","Real Estate Video, Video Editing, Adobe Premiere Pro, DaVinci Resolve, Final Cut Pro, Instagram Reels, Color Grading, YouTube Video, AVS Video Editor, Adobe After Effects, TikTok Video, Video Editing & Production, CapCut, Video Post-Editing, UGC, Podcast Editing"
2049691862267610384,Van T.,Vietnam,Vinh,Asia,13.0,1.0,714.333333,8963.2,0,"Tired of inconsistent editors, missed deadlines, and flat retention rates? Stop losing views to bad pacing. Send me your raw footage, and I’ll engineer high-retention videos that hook your audience, maximize watch time, and scale your revenue. That’s my guarantee

I’m Van, a full-time video editor turning raw footage into high-retention assets that drive views and revenue.

💥 What I Fix For You
Low Retention: Fast-paced cuts, sound design, and pattern interrupts to lock in viewer attention.

Missed Deadlines: Clear communication, structured workflows, and 100% on-time delivery.

Inconsistent Quality: Tailored pacing and visual styles built for each platform's algorithm (Shorts, TikTok, Reels, YouTube).

🎬 Core Services
Short-Form Content: Dynamic pacing, kinetic typography, and engaging B-roll.

Talking-Head & Brands: Seamless edits, digital zooms, and polished audio.

Long-Form & Podcasts: High-retention narrative flow and clean motion graphics.

Meta & TikTok Ads: Direct-response edits, strong visual hooks, and data-driven pacing to lower CPA

UGC & AI Creatives: Authentic user-generated content blended with AI-driven visuals to scale ad variations and maximize conversions
🛠️ Tool Stack
Adobe Premiere Pro | After Effects | DaVinci Resolve | Photoshop
🔥 Proven Results: Van understands direct-response editing inside out. After switching to his video creatives, our conversion rate doubled, and our CPA dropped significantly. If you want ads that actually convert, hire him!
Ready to scale your channel?

👉 Click ""Invite"" or ""Send Message"" to get started.

","Real Estate Video, Video Editing, Adobe Premiere Pro, DaVinci Resolve, Final Cut Pro, Instagram Reels, Color Grading, YouTube Video, AVS Video Editor, Adobe After Effects, TikTok Video, Video Editing & Production, CapCut, Video Post-Editing, UGC, Podcast Editing"
1804173045538865152,David W.,United States,Rome,Americas,30.0,1.0,421.833335,19013.71,2,"I am a video editor with a specialty in narrative, vlog, and documentary editing. In addition, I have over ten years of experience with music composing, writing, directing, and graphic design. I have worked with YouTube channels and film producers. If you want an editor who can cut fast and efficiently (less than a month), I am your guy!

*Has experience with editing programs: Adobe Premiere Pro (6+ Years), Final Cut Pro X (10+ Years), Avid Media Composer (5+ Years), and DaVinci Resolve (3+ Years).
*Master of music composition for over a decade; crafted original tracks and sound design on Logic Pro X (7+ Years).
*Responds quickly to messages. (takes less than 6 hours to respond on average)","Video Editing, Adobe Photoshop, Wedding & Event Video, Adobe Premiere Pro, Audio Editing, Video Post-Editing, Animation, Film Editing, Voice Acting, Graphic Design, Film Screenplay, Social Media Management, Autodesk Maya, Sound Design, Music Composition"
1804173045538865152,David W.,United States,Rome,Americas,30.0,1.0,421.833335,19013.71,2,"I am a video editor with a specialty in narrative, vlog, and documentary editing. In addition, I have over ten years of experience with music composing, writing, directing, and graphic design. I have worked with YouTube channels and film producers. If you want an editor who can cut fast and efficiently (less than a month), I am your guy!

*Has experience with editing programs: Adobe Premiere Pro (6+ Years), Final Cut Pro X (10+ Years), Avid Media Composer (5+ Years), and DaVinci Resolve (3+ Years).
*Master of music composition for over a decade; crafted original tracks and sound design on Logic Pro X (7+ Years).
*Responds quickly to messages. (takes less than 6 hours to respond on average)","Video Editing, Adobe Photoshop, Wedding & Event Video, Adobe Premiere Pro, Audio Editing, Video Post-Editing, Animation, Film Editing, Voice Acting, Graphic Design, Film Screenplay, Social Media Management, Autodesk Maya, Sound Design, Music Composition"
1763311733227237376,Zeshan  F.,Pakistan,Dera Ghazi Khan,Asia,5.0,0.92,150.0,4560.04,0,"I help creators, agencies, and businesses build engaging faceless YouTube channels through cinematic editing, powerful storytelling, and audience-focused content strategies.
🎥 With expertise in YouTube Automation, Documentary Videos, Faceless Content, and Long-Form Storytelling, I create videos designed to capture attention, increase watch time, and keep viewers engaged from the first second to the last.
✨ My Expertise Includes:
🎞️ Faceless YouTube Channel Editing
📽️ Documentary & Cinematic Storytelling
🔥 Retention-Focused Video Editing
🎙️ Voiceover Synchronization & Story Flow
🌎 Research-Based B-Roll Selection
🤖 AI-Assisted Content Production
🎨 Motion Graphics & Visual Effects
🎧 Professional Sound Design & Audio Enhancement
🎬 Color Grading & Cinematic Look Development
💡 I understand the YouTube algorithm and what makes content perform — strong hooks, engaging pacing, emotional storytelling, and visually compelling sequences.
From history documentaries, business stories, true crime, educational videos, finance channels, and automated YouTube content, I deliver professional videos tailored to your niche and audience.
🏆 My goal is simple:
Create videos that don’t just generate views — they build loyal audiences and grow successful channels.
📩 Let’s create content that keeps viewers watching.
#YouTubeAutomation #FacelessYouTube #YouTubeEditor #DocumentaryEditor #VideoEditing #YouTubeGrowth #ContentCreator #CinematicEditing #MotionGraphics #Storytelling #AIVideo #YouTubeChannel","Video Editing, YouTube Video, YouTube Automation, Social Media Video, Video Animation, Video Editing Software, TikTok Video, Short Video, Instagram Reels, True Crime, Podcast Editing, Documentary, AI Video Generation, Video Editing & Production, Video Editing Plugin, 360-Degree Video Editing, AVS Video Editor, AI Video Editing Software, YouTube Monetization, Wedding Video"
1763311733227237376,Zeshan  F.,Pakistan,Dera Ghazi Khan,Asia,5.0,0.92,150.0,4560.04,0,"I help creators, agencies, and businesses build engaging faceless YouTube channels through cinematic editing, powerful storytelling, and audience-focused content strategies.
🎥 With expertise in YouTube Automation, Documentary Videos, Faceless Content, and Long-Form Storytelling, I create videos designed to capture attention, increase watch time, and keep viewers engaged from the first second to the last.
✨ My Expertise Includes:
🎞️ Faceless YouTube Channel Editing
📽️ Documentary & Cinematic Storytelling
🔥 Retention-Focused Video Editing
🎙️ Voiceover Synchronization & Story Flow
🌎 Research-Based B-Roll Selection
🤖 AI-Assisted Content Production
🎨 Motion Graphics & Visual Effects
🎧 Professional Sound Design & Audio Enhancement
🎬 Color Grading & Cinematic Look Development
💡 I understand the YouTube algorithm and what makes content perform — strong hooks, engaging pacing, emotional storytelling, and visually compelling sequences.
From history documentaries, business stories, true crime, educational videos, finance channels, and automated YouTube content, I deliver professional videos tailored to your niche and audience.
🏆 My goal is simple:
Create videos that don’t just generate views — they build loyal audiences and grow successful channels.
📩 Let’s create content that keeps viewers watching.
#YouTubeAutomation #FacelessYouTube #YouTubeEditor #DocumentaryEditor #VideoEditing #YouTubeGrowth #ContentCreator #CinematicEditing #MotionGraphics #Storytelling #AIVideo #YouTubeChannel","Video Editing, YouTube Video, YouTube Automation, Social Media Video, Video Animation, Video Editing Software, TikTok Video, Short Video, Instagram Reels, True Crime, Podcast Editing, Documentary, AI Video Generation, Video Editing & Production, Video Editing Plugin, 360-Degree Video Editing, AVS Video Editor, AI Video Editing Software, YouTube Monetization, Wedding Video"
1312303226981658624,Jomar L.,Philippines,Caloocan City,Asia,20.0,1.0,6331.333399,89496.28,32,"If your searching for an efficient and FAST video editor that could also help you in managing your social media channels,  you found the right person.
I am Jomar , your Social Media channel Manager and professional video editor.

I can provide high quality output in just a few hours of work.
I can also do audio editing and audio cleaning.","Audio Effects, Podcast, Video Publishing, Video Post-Editing, Video Editing, Video Processing, Video Color Correction, Audio Editing, Video Advertising, Video Animation, Podcast Production, Color Correction & Filter"
1312303226981658624,Jomar L.,Philippines,Caloocan City,Asia,20.0,1.0,6331.333399,89496.28,32,"If your searching for an efficient and FAST video editor that could also help you in managing your social media channels,  you found the right person.
I am Jomar , your Social Media channel Manager and professional video editor.

I can provide high quality output in just a few hours of work.
I can also do audio editing and audio cleaning.","Audio Effects, Podcast, Video Publishing, Video Post-Editing, Video Editing, Video Processing, Video Color Correction, Audio Editing, Video Advertising, Video Animation, Podcast Production, Color Correction & Filter"
1805923873101357056,Gopal S.,India,Mohali,Asia,5.0,0.0,3.833333,322.09,0,"🎥 Professional Video Editor | Engaging Short-Form & Long-Form Content Creator 🎬

Hi! I'm Gopal Saini, a highly skilled video editor with over 4 years of experience transforming raw footage into captivating, polished videos that tell powerful stories. Whether it's dynamic short-form content for social media or professional long-form YouTube videos, I bring creativity and precision to every project.

My Expertise Includes:
✅ Short-Form Content: Reels, TikToks, and Shorts optimized for engagement
✅ YouTube Videos: Talking head videos, vlogs, educational content, and storytelling
✅ Corporate & Commercials: Ads, brand promotions, and intros
✅ Custom Effects & Transitions: Ensuring your videos stand out
✅ Audio Sync & Enhancement: Polished voiceovers and background music integration

What Sets Me Apart:
🎯 Understanding of trends and audience preferences to create share-worthy content
⚡ Fast turnaround without compromising quality
🎨 Tailored editing style to match your brand and vision

I’ve worked with clients globally, helping them grow their audience, boost engagement, and deliver impactful messages through exceptional video content.

Let’s collaborate to bring your ideas to life! Send me a message to discuss your project and how I can help.

Software Proficiency: Adobe Premiere Pro | After Effects | DaVinci Resolve | Audition

Ready to create something amazing? Let's get started! 🚀","Video Editing, AVS Video Editor, Video Editing & Production, Video Editing Software, Video Editing Plugin, 360-Degree Video Editing, Adobe Premiere Pro, Adobe After Effects"
1805923873101357056,Gopal S.,India,Mohali,Asia,5.0,0.0,3.833333,322.09,0,"🎥 Professional Video Editor | Engaging Short-Form & Long-Form Content Creator 🎬

Hi! I'm Gopal Saini, a highly skilled video editor with over 4 years of experience transforming raw footage into captivating, polished videos that tell powerful stories. Whether it's dynamic short-form content for social media or professional long-form YouTube videos, I bring creativity and precision to every project.

My Expertise Includes:
✅ Short-Form Content: Reels, TikToks, and Shorts optimized for engagement
✅ YouTube Videos: Talking head videos, vlogs, educational content, and storytelling
✅ Corporate & Commercials: Ads, brand promotions, and intros
✅ Custom Effects & Transitions: Ensuring your videos stand out
✅ Audio Sync & Enhancement: Polished voiceovers and background music integration

What Sets Me Apart:
🎯 Understanding of trends and audience preferences to create share-worthy content
⚡ Fast turnaround without compromising quality
🎨 Tailored editing style to match your brand and vision

I’ve worked with clients globally, helping them grow their audience, boost engagement, and deliver impactful messages through exceptional video content.

Let’s collaborate to bring your ideas to life! Send me a message to discuss your project and how I can help.

Software Proficiency: Adobe Premiere Pro | After Effects | DaVinci Resolve | Audition

Ready to create something amazing? Let's get started! 🚀","Video Editing, AVS Video Editor, Video Editing & Production, Video Editing Software, Video Editing Plugin, 360-Degree Video Editing, Adobe Premiere Pro, Adobe After Effects"
1615306940658970624,Rimsha M.,Pakistan,Abbottabad,Asia,10.0,1.0,148.666666,13589.87,3,"Expert Video Editor ︱ Faceless Video Editing ︱YouTube Video Editor︱Youtube Automation 

  Stop losing viewers at 30 seconds. I fix that.I’m a YouTube retention editor for creators who want 
 watch time, not just uploads. Whether it’s faceless Cash Cow, podcasts, travel vlogs, talking-head,           or brand content — I edit for human attention.How I boost AVD:
 Hook in 3s. 
 Pattern interrupts every 3-5s. Emotional b-roll + sound design synced to nervous-system pacing. Zero dead space.Last win: 20% → 45% average view duration on a self-help channel. Same script, better edit = 2x ad revenue.I handle the whole pipeline:
☑️ YouTube Editing — Cash Cow, Podcast, Travel, Talking-Head, Vlogs, Brands
☑️ Script-to-Video — Turn your VO/script into a story that holds
☑️ Retention Strategy — Hook fixes, pacing, chapter design
☑️ Graphics Pack — Intros, outros, end screens, animated captions
☑️ Thumbnails — Designed for CTR, framed for the edit
☑️ Voiceover — Real American human VO coordination
☑️ Channel Management — Edit, upload, optimize, repeat 

As an editor I also do ;
I have experience as a video editor in:
🎬 Short form video editing (Reels, TikTok, YouTube Shorts)
🎬 YouTube video editing with strong pacing
🎬 Real estate video editing and listing videos
🎬 Wedding video editing with emotional storytelling
🎬 Talking head video editing for brands
🎬 Social media video editing for growth
🎬 Podcast video editing and clips
🎬 AI based video editing workflows
🎬 Marketing and ad video editing

    Also edit: Weddings, ads, documentaries, reels. If it moves, I cut it.
Tools: 
Premiere Pro + After Effects. 
Workflow: Fast, data-driven, zero ego.
  I’ve worked with global clients across tech, healthcare, finance, education, and media.Try this:
 Send your latest video. I’ll timestamp 3 exact spots viewers drop off + how I’d fix them. 
 I do Faceless cashcow videos, youtube video , instagram reels, and every kind of video 
 Free. No pitch.
Available 24/7 for creators serious about growth","Adobe Premiere Pro, Explainer Video, Motion Graphics, Video Animation, YouTube Video, Video Editing, Video Editing & Production, YouTube Automation, Video Post-Editing, Video Advertising, YouTube, AVS Video Editor, Video Editing Software, Adobe After Effects, Video Intro & Outro, Social Media Video, Short Video Ad, Video Production, Video Ad, Social Media Content Creation"
1615306940658970624,Rimsha M.,Pakistan,Abbottabad,Asia,10.0,1.0,148.666666,13589.87,3,"Expert Video Editor ︱ Faceless Video Editing ︱YouTube Video Editor︱Youtube Automation 

  Stop losing viewers at 30 seconds. I fix that.I’m a YouTube retention editor for creators who want 
 watch time, not just uploads. Whether it’s faceless Cash Cow, podcasts, travel vlogs, talking-head,           or brand content — I edit for human attention.How I boost AVD:
 Hook in 3s. 
 Pattern interrupts every 3-5s. Emotional b-roll + sound design synced to nervous-system pacing. Zero dead space.Last win: 20% → 45% average view duration on a self-help channel. Same script, better edit = 2x ad revenue.I handle the whole pipeline:
☑️ YouTube Editing — Cash Cow, Podcast, Travel, Talking-Head, Vlogs, Brands
☑️ Script-to-Video — Turn your VO/script into a story that holds
☑️ Retention Strategy — Hook fixes, pacing, chapter design
☑️ Graphics Pack — Intros, outros, end screens, animated captions
☑️ Thumbnails — Designed for CTR, framed for the edit
☑️ Voiceover — Real American human VO coordination
☑️ Channel Management — Edit, upload, optimize, repeat 

As an editor I also do ;
I have experience as a video editor in:
🎬 Short form video editing (Reels, TikTok, YouTube Shorts)
🎬 YouTube video editing with strong pacing
🎬 Real estate video editing and listing videos
🎬 Wedding video editing with emotional storytelling
🎬 Talking head video editing for brands
🎬 Social media video editing for growth
🎬 Podcast video editing and clips
🎬 AI based video editing workflows
🎬 Marketing and ad video editing

    Also edit: Weddings, ads, documentaries, reels. If it moves, I cut it.
Tools: 
Premiere Pro + After Effects. 
Workflow: Fast, data-driven, zero ego.
  I’ve worked with global clients across tech, healthcare, finance, education, and media.Try this:
 Send your latest video. I’ll timestamp 3 exact spots viewers drop off + how I’d fix them. 
 I do Faceless cashcow videos, youtube video , instagram reels, and every kind of video 
 Free. No pitch.
Available 24/7 for creators serious about growth","Adobe Premiere Pro, Explainer Video, Motion Graphics, Video Animation, YouTube Video, Video Editing, Video Editing & Production, YouTube Automation, Video Post-Editing, Video Advertising, YouTube, AVS Video Editor, Video Editing Software, Adobe After Effects, Video Intro & Outro, Social Media Video, Short Video Ad, Video Production, Video Ad, Social Media Content Creation"
1485639015429922816,Sabir H.,Pakistan,Bahawalpur,Asia,7.0,1.0,0.0,64.0,0," Hello!

 I'm Sabir Hussain, a full-time YouTube Video Editor with 2+ years of experience creating high-retention content for YouTube, Podcasts, Instagram Reels, TikTok, Facebook, and other social media platforms. I help creators, coaches, brands, and businesses transform raw footage into engaging videos that increase watch time and audience engagement.

🎯 I specialize in:

🎬 Adobe Premiere Pro
🎬 Adobe After Effects
🎬 DaVinci Resolve
🎬 CapCut
🎬 Adobe Photoshop
🎬 Riverside FM
🎬 Runway, Veo, Kling AI & HeyGen

💥 Services I Offer:

✔ YouTube Video Editing
✔ YouTube Shorts Editing
✔ Instagram Reels Editing
✔ TikTok Video Editing
✔ Facebook Reels & LinkedIn Videos
✔ Short-Form Content Editing
✔ Long-Form Video Editing
✔ Talking Head Videos
✔ Podcast Video Editing
✔ Riverside Podcast Editing
✔ Multicam Podcast Editing
✔ Podcast Clips & Social Media Repurposing
✔ Documentary Style Videos
✔ Faceless YouTube Videos
✔ YouTube Automation Videos
✔ Cash Cow Videos
✔ Educational & Course Videos
✔ Interview Videos
✔ Webinar Videos
✔ Explainer Videos
✔ UGC Video Editing
✔ Promotional & Marketing Videos
✔ Facebook & Meta Ads
✔ AI Video Editing & AI Content Creation

AI Video Production
I also specialize in AI-powered content creation using the latest AI workflows.

✔ AI Generated Videos
✔ AI Avatar Videos
✔ AI Talking Avatar Videos
✔ AI Faceless Videos
✔ AI Voiceovers
✔ Image-to-Video Generation
✔ Text-to-Video Production
✔ AI Marketing Videos
✔ AI UGC Videos
✔ AI Podcast Clips
✔ AI Social Media Content
✔ AI Video Enhancement & Upscaling

🚀 Why Clients Hire Me:

✔️ High-Retention Editing
✔️ Storytelling & Viewer Engagement
✔️ Fast Turnaround
✔️ Professional Communication
✔️ Reliable Long-Term Collaboration

🍀 Thank you for visiting my profile. I'd love the opportunity to work with you and help bring your vision to life.

Sabir Hussain
","Video Editing, Adobe Premiere Pro, Social Media Video, AVS Video Editor, AI Video Generation, Podcast Editing, Motion Graphics, Instagram Reels, YouTube Shorts, Social Media Advertising, Social Media Content Creation, Documentary Video, Social Media Management, YouTube, TikTok, Video Post-Editing, Prompt Engineering, UGC, AI Content Writing, ai video ads"
1485639015429922816,Sabir H.,Pakistan,Bahawalpur,Asia,7.0,1.0,0.0,64.0,0," Hello!

 I'm Sabir Hussain, a full-time YouTube Video Editor with 2+ years of experience creating high-retention content for YouTube, Podcasts, Instagram Reels, TikTok, Facebook, and other social media platforms. I help creators, coaches, brands, and businesses transform raw footage into engaging videos that increase watch time and audience engagement.

🎯 I specialize in:

🎬 Adobe Premiere Pro
🎬 Adobe After Effects
🎬 DaVinci Resolve
🎬 CapCut
🎬 Adobe Photoshop
🎬 Riverside FM
🎬 Runway, Veo, Kling AI & HeyGen

💥 Services I Offer:

✔ YouTube Video Editing
✔ YouTube Shorts Editing
✔ Instagram Reels Editing
✔ TikTok Video Editing
✔ Facebook Reels & LinkedIn Videos
✔ Short-Form Content Editing
✔ Long-Form Video Editing
✔ Talking Head Videos
✔ Podcast Video Editing
✔ Riverside Podcast Editing
✔ Multicam Podcast Editing
✔ Podcast Clips & Social Media Repurposing
✔ Documentary Style Videos
✔ Faceless YouTube Videos
✔ YouTube Automation Videos
✔ Cash Cow Videos
✔ Educational & Course Videos
✔ Interview Videos
✔ Webinar Videos
✔ Explainer Videos
✔ UGC Video Editing
✔ Promotional & Marketing Videos
✔ Facebook & Meta Ads
✔ AI Video Editing & AI Content Creation

AI Video Production
I also specialize in AI-powered content creation using the latest AI workflows.

✔ AI Generated Videos
✔ AI Avatar Videos
✔ AI Talking Avatar Videos
✔ AI Faceless Videos
✔ AI Voiceovers
✔ Image-to-Video Generation
✔ Text-to-Video Production
✔ AI Marketing Videos
✔ AI UGC Videos
✔ AI Podcast Clips
✔ AI Social Media Content
✔ AI Video Enhancement & Upscaling

🚀 Why Clients Hire Me:

✔️ High-Retention Editing
✔️ Storytelling & Viewer Engagement
✔️ Fast Turnaround
✔️ Professional Communication
✔️ Reliable Long-Term Collaboration

🍀 Thank you for visiting my profile. I'd love the opportunity to work with you and help bring your vision to life.

Sabir Hussain
","Video Editing, Adobe Premiere Pro, Social Media Video, AVS Video Editor, AI Video Generation, Podcast Editing, Motion Graphics, Instagram Reels, YouTube Shorts, Social Media Advertising, Social Media Content Creation, Documentary Video, Social Media Management, YouTube, TikTok, Video Post-Editing, Prompt Engineering, UGC, AI Content Writing, ai video ads"
1940427948642009838,Talha H.,Pakistan,Dera Ghazi Khan,Asia,5.0,0.91805,122.333335,1362.56,1,"I'm a professional video editor and designer with over a year of experience, a creative mindset, and fluency in English. My goal is to transform your ideas and business objectives into impactful, high-quality videos. Every project begins with understanding your vision before executing it to perfection.

My Expertise:

YouTube Video Editing (Vlogs, Documentaries, Cash Cow, Educational, Gaming, etc.)
Social Media Video Editing (Reels, TikTok, YouTube Shorts)
UGC Video Editing
Video Ad Editing (Promotional & Commercial Content)
Motion Graphics & Animated Elements
Logo Intros, Animated Logos, and Text Animations
Thumbnail Design
Social Media Marketing & Management

Tools I Use:

✅ Adobe Premiere Pro
✅ Adobe After Effects
✅ Adobe Photoshop
✅ Canva
✅ CapCut
✅ DaVinci Resolve
✅ Trello, Asana, Slack

Key Skills:

YouTube & TikTok Videos | Facebook Ads | UGC Content | Promo Videos
YouTube Shorts | Instagram Reels | Facebook Reels | Motion Graphics
Explainer Videos | Documentary Editing | Vlogs | Tutorials
Thumbnails | Animated Captions | Video Effects | Social Media Management

Let’s create something amazing together!.","Animation, Video Editing, Video Editing & Production, Video Editing Plugin, Video Editing Software, AVS Video Editor, 360-Degree Video Editing, Video Animation, YouTube Automation, YouTube Video, YouTube Shorts, Social Media Video, Instagram Reels, Wedding & Event Video, Travel Video, YouTube, Video Production, Video Annotation, Color Correction, Video Enhancement"
1940427948642009838,Talha H.,Pakistan,Dera Ghazi Khan,Asia,5.0,0.91805,122.333335,1362.56,1,"I'm a professional video editor and designer with over a year of experience, a creative mindset, and fluency in English. My goal is to transform your ideas and business objectives into impactful, high-quality videos. Every project begins with understanding your vision before executing it to perfection.

My Expertise:

YouTube Video Editing (Vlogs, Documentaries, Cash Cow, Educational, Gaming, etc.)
Social Media Video Editing (Reels, TikTok, YouTube Shorts)
UGC Video Editing
Video Ad Editing (Promotional & Commercial Content)
Motion Graphics & Animated Elements
Logo Intros, Animated Logos, and Text Animations
Thumbnail Design
Social Media Marketing & Management

Tools I Use:

✅ Adobe Premiere Pro
✅ Adobe After Effects
✅ Adobe Photoshop
✅ Canva
✅ CapCut
✅ DaVinci Resolve
✅ Trello, Asana, Slack

Key Skills:

YouTube & TikTok Videos | Facebook Ads | UGC Content | Promo Videos
YouTube Shorts | Instagram Reels | Facebook Reels | Motion Graphics
Explainer Videos | Documentary Editing | Vlogs | Tutorials
Thumbnails | Animated Captions | Video Effects | Social Media Management

Let’s create something amazing together!.","Animation, Video Editing, Video Editing & Production, Video Editing Plugin, Video Editing Software, AVS Video Editor, 360-Degree Video Editing, Video Animation, YouTube Automation, YouTube Video, YouTube Shorts, Social Media Video, Instagram Reels, Wedding & Event Video, Travel Video, YouTube, Video Production, Video Annotation, Color Correction, Video Enhancement"
1857110986654070476,RL L.,United States,Bedford,Americas,20.0,1.0,76.666672,1925.66,2,"Versatile video editor specializing in short-form and long-form content, including Reels, TikToks, YouTube videos, podcasts, documentaries, and cinematic edits.

Proficient in Adobe Premiere Pro and Adobe Audition, with experience in pacing, captions, sound design, audio cleanup, and color grading to create clean, engaging, professional content.

Always looking to work with creators and brands who need a reliable editor that can bring their vision to life.","Video Editing, Adobe Premiere Pro, Audio Editing, Adobe Audition, Caption, Color Correction, Cinematic Video, Storytelling, Documentary Video, Social Media Video, Film & Video, Color Grading, DaVinci Resolve"
1857110986654070476,RL L.,United States,Bedford,Americas,20.0,1.0,76.666672,1925.66,2,"Versatile video editor specializing in short-form and long-form content, including Reels, TikToks, YouTube videos, podcasts, documentaries, and cinematic edits.

Proficient in Adobe Premiere Pro and Adobe Audition, with experience in pacing, captions, sound design, audio cleanup, and color grading to create clean, engaging, professional content.

Always looking to work with creators and brands who need a reliable editor that can bring their vision to life.","Video Editing, Adobe Premiere Pro, Audio Editing, Adobe Audition, Caption, Color Correction, Cinematic Video, Storytelling, Documentary Video, Social Media Video, Film & Video, Color Grading, DaVinci Resolve"
1893983801581989737,Muhammad  W.,Pakistan,Dera Ghazi Khan,Asia,5.0,1.0,0.0,145.0,0,"Professional Video Editor | YouTube & Short-Form Content

I’m a professional video editor with 3+ years of experience creating engaging YouTube videos, documentaries, faceless content, Reels, Shorts, and social media videos.

I specialize in:
YouTube & Cash Cow Videos
Documentary & Storytelling Edits
Reels, Shorts & TikTok
Talking-Head & Faceless Videos
Motion Graphics & Sound Design
I use Premiere Pro, After Effects, CapCut, and DaVinci Resolve.
I focus on strong hooks, smooth pacing, engaging visuals, clean audio, and professional quality. I’m reliable, detail-oriented, and always follow the client’s references and instructions.

Let’s bring your vision to life!","Video Editing, Video Editing & Production, Video Editing Plugin, Video Editing Software, YouTube Video, YouTube Shorts, 360-Degree Video Editing, AVS Video Editor, Travel Video, Instagram Reels, Video Animation, Social Media Video, YouTube Automation"
1893983801581989737,Muhammad  W.,Pakistan,Dera Ghazi Khan,Asia,5.0,1.0,0.0,145.0,0,"Professional Video Editor | YouTube & Short-Form Content

I’m a professional video editor with 3+ years of experience creating engaging YouTube videos, documentaries, faceless content, Reels, Shorts, and social media videos.

I specialize in:
YouTube & Cash Cow Videos
Documentary & Storytelling Edits
Reels, Shorts & TikTok
Talking-Head & Faceless Videos
Motion Graphics & Sound Design
I use Premiere Pro, After Effects, CapCut, and DaVinci Resolve.
I focus on strong hooks, smooth pacing, engaging visuals, clean audio, and professional quality. I’m reliable, detail-oriented, and always follow the client’s references and instructions.

Let’s bring your vision to life!","Video Editing, Video Editing & Production, Video Editing Plugin, Video Editing Software, YouTube Video, YouTube Shorts, 360-Degree Video Editing, AVS Video Editor, Travel Video, Instagram Reels, Video Animation, Social Media Video, YouTube Automation"
1379070524683726848,Abdul M.,Pakistan,Karachi,Asia,10.0,0.9121,56.333335,5527.84,4,"🏆 Top Rated - Top 10% Talent on Upwork
🚀 9M+ Views Generated for Leading Creators & Brands
🏆 5+ Years of Experience in Retention & Performance Editing

I’d love to help you with:
🎥 VSL Video Editing for High-Converting Sales Letters, Ads & Offers
🎬 Short-Form Video Editing for TikTok, Instagram Reels & YouTube Shorts
🎙️ Podcast & Long-Form Content Repurposing into Engaging Short Clips
📢 UGC & Paid Ads Editing for Meta, Facebook & TikTok Campaigns

See more details below on my Upwork profile.

🎯 VSL Video Editing:

* High-Converting VSL Editing: Turn your sales message into a compelling visual experience with powerful hooks, strategic pacing, and retention-focused editing.
* VSL Hook & Retention Editing:  Create strong opening moments that grab attention, build curiosity, and keep viewers watching through the offer.
* Talking Head VSL Editing: Dynamic cuts, captions, B-roll, motion graphics, sound design, and visual emphasis that make every key selling point hit harder.


🎬 Short-Form Social Media Video Editing:

* TikTok Video Editing: Attention-grabbing content with powerful hooks, fast cuts, and retention-focused editing.
* YouTube Shorts Editing: Vertical videos with strong openings, smooth pacing, and engagement-driven cuts.
* Talking Head Video Editing: Personal brand videos with animated captions, engaging visuals, and bold text.

🎙️ Content Repurposing:

* Podcast Clips Editing: Turning the best moments from long episodes into engaging short-form content.
* Zoom & Webinar Repurposing: Transforming recordings into ready-to-publish Reels, Shorts, and TikToks.
* Long-Form to Short-Form Editing: Converting YouTube videos, interviews, and long content into engaging vertical clips.

📢 UGC & Paid Ads Editing:

* UGC Video Editing: Transforming raw footage into high-converting creatives for Meta, Facebook, and TikTok.
* Meta & Facebook Ads Editing: Direct-response video ads built around strong hooks, clear messaging, and conversions.
* TikTok Ads Editing: Fast-paced, hook-driven ads designed for TikTok’s quick-scrolling audience.

🎨 Editing Enhancements:

* Animated Captions & Subtitles: Engaging text animations designed to improve watch time and retention.
* Motion Graphics & After Effects: Custom animations and graphics for polished, professional social content.
* Sound Design & SFX: Carefully selected music, sound effects, and audio cleanup for a refined final result.
* Color Grading & B-Roll: Professional color correction and relevant B-roll to create consistent, engaging visuals.
* Speed Ramps & Transitions: Smooth transitions, dynamic cuts, and speed ramps to keep viewers engaged.
* AI-Assisted Video Editing: AI-powered workflows to improve efficiency, turnaround time, and visual quality.

👥 Who I Work With:

* Creators & Influencers
* Coaches & Course Creators
* Ecommerce & DTC Brands
* Agencies & Businesses

🌟 Here's What My Clients Say:

💬 ""Want a video editor? This guy is him! He can make an ugly video amazing and viral. I would 100% recommend him!""

💬 ""You'd be insane for not choosing Abdul Manan — highly reliable, excellent editor and can work autonomously. It's a no brainer.""

💬 ""Reliable, good communication and efficient in solving problems.""

🚀 Let's Create Something Amazing Together!

🔧 EXPERTISE:

Short-Form Video Editor | TikTok Video Editor | Instagram Reels Editing | YouTube Video Editor | UGC Video Editor | Meta Ads Video Editor | Podcast Repurposing Editor | Content Repurposing | Retention Video Editing | Hook-Based Editing | Social Media Video Editor | Pacing-Focused Editing | Vertical Video Editing | Ecommerce Ads Editing | Personal Brand Video Editing | B-Roll Editing | Platform-Optimized Video
","Video Editing, Video Post-Editing, Video Production, YouTube Video, YouTube Shorts, TikTok Ad, TikTok Video, Short Video Ad, Instagram Reels, Social Media Content Creation, Social Media Management, Motion Graphics, Video Editing & Production, Adobe Premiere Pro, Adobe After Effects, Testimonial Video, Video Marketing, AVS Video Editor"
1379070524683726848,Abdul M.,Pakistan,Karachi,Asia,10.0,0.9121,56.333335,5527.84,4,"🏆 Top Rated - Top 10% Talent on Upwork
🚀 9M+ Views Generated for Leading Creators & Brands
🏆 5+ Years of Experience in Retention & Performance Editing

I’d love to help you with:
🎥 VSL Video Editing for High-Converting Sales Letters, Ads & Offers
🎬 Short-Form Video Editing for TikTok, Instagram Reels & YouTube Shorts
🎙️ Podcast & Long-Form Content Repurposing into Engaging Short Clips
📢 UGC & Paid Ads Editing for Meta, Facebook & TikTok Campaigns

See more details below on my Upwork profile.

🎯 VSL Video Editing:

* High-Converting VSL Editing: Turn your sales message into a compelling visual experience with powerful hooks, strategic pacing, and retention-focused editing.
* VSL Hook & Retention Editing:  Create strong opening moments that grab attention, build curiosity, and keep viewers watching through the offer.
* Talking Head VSL Editing: Dynamic cuts, captions, B-roll, motion graphics, sound design, and visual emphasis that make every key selling point hit harder.


🎬 Short-Form Social Media Video Editing:

* TikTok Video Editing: Attention-grabbing content with powerful hooks, fast cuts, and retention-focused editing.
* YouTube Shorts Editing: Vertical videos with strong openings, smooth pacing, and engagement-driven cuts.
* Talking Head Video Editing: Personal brand videos with animated captions, engaging visuals, and bold text.

🎙️ Content Repurposing:

* Podcast Clips Editing: Turning the best moments from long episodes into engaging short-form content.
* Zoom & Webinar Repurposing: Transforming recordings into ready-to-publish Reels, Shorts, and TikToks.
* Long-Form to Short-Form Editing: Converting YouTube videos, interviews, and long content into engaging vertical clips.

📢 UGC & Paid Ads Editing:

* UGC Video Editing: Transforming raw footage into high-converting creatives for Meta, Facebook, and TikTok.
* Meta & Facebook Ads Editing: Direct-response video ads built around strong hooks, clear messaging, and conversions.
* TikTok Ads Editing: Fast-paced, hook-driven ads designed for TikTok’s quick-scrolling audience.

🎨 Editing Enhancements:

* Animated Captions & Subtitles: Engaging text animations designed to improve watch time and retention.
* Motion Graphics & After Effects: Custom animations and graphics for polished, professional social content.
* Sound Design & SFX: Carefully selected music, sound effects, and audio cleanup for a refined final result.
* Color Grading & B-Roll: Professional color correction and relevant B-roll to create consistent, engaging visuals.
* Speed Ramps & Transitions: Smooth transitions, dynamic cuts, and speed ramps to keep viewers engaged.
* AI-Assisted Video Editing: AI-powered workflows to improve efficiency, turnaround time, and visual quality.

👥 Who I Work With:

* Creators & Influencers
* Coaches & Course Creators
* Ecommerce & DTC Brands
* Agencies & Businesses

🌟 Here's What My Clients Say:

💬 ""Want a video editor? This guy is him! He can make an ugly video amazing and viral. I would 100% recommend him!""

💬 ""You'd be insane for not choosing Abdul Manan — highly reliable, excellent editor and can work autonomously. It's a no brainer.""

💬 ""Reliable, good communication and efficient in solving problems.""

🚀 Let's Create Something Amazing Together!

🔧 EXPERTISE:

Short-Form Video Editor | TikTok Video Editor | Instagram Reels Editing | YouTube Video Editor | UGC Video Editor | Meta Ads Video Editor | Podcast Repurposing Editor | Content Repurposing | Retention Video Editing | Hook-Based Editing | Social Media Video Editor | Pacing-Focused Editing | Vertical Video Editing | Ecommerce Ads Editing | Personal Brand Video Editing | B-Roll Editing | Platform-Optimized Video
","Video Editing, Video Post-Editing, Video Production, YouTube Video, YouTube Shorts, TikTok Ad, TikTok Video, Short Video Ad, Instagram Reels, Social Media Content Creation, Social Media Management, Motion Graphics, Video Editing & Production, Adobe Premiere Pro, Adobe After Effects, Testimonial Video, Video Marketing, AVS Video Editor"
1034972742703280128,Ahmed S.,Egypt,Cairo,Africa,35.0,1.0,1458.500001,98264.21,5,"Award-Winning Film/Video Editor 
30+ International Film Festival Nominations

Why work with me? 
1- Cinematic Quality – Polished, film-quality content and creative video editing.
2- Storytelling – Make your videos resonate with viewers by turning them into a well crafted story with ""Beginning, Middle, and End""
3- Innovative Techniques – Latest A.I Technology (SFX, VFX, Visuals)
4- Power of Music & Sound Design - Detailed and professional sound edit & design that complements the visuals to offer complete immersion.
5- Color Grading –Exceptional color grading with a customized look (LUT) tailored uniquely for your video.

Overall, my editing services are designed to help bring your content to life and showcase it in the best possible light. With a commitment to quality and attention to detail, you can expect a final video that exceeds your expectations.","Videography, Voice-Over, Film Production, Photography, Scriptwriting, Film Editing, Video Production, Cinematography, Video Editing, Film Direction, Documentary, Music & Sound Design, Music Video, Trailer, Promotional Video"
1034972742703280128,Ahmed S.,Egypt,Cairo,Africa,35.0,1.0,1458.500001,98264.21,5,"Award-Winning Film/Video Editor 
30+ International Film Festival Nominations

Why work with me? 
1- Cinematic Quality – Polished, film-quality content and creative video editing.
2- Storytelling – Make your videos resonate with viewers by turning them into a well crafted story with ""Beginning, Middle, and End""
3- Innovative Techniques – Latest A.I Technology (SFX, VFX, Visuals)
4- Power of Music & Sound Design - Detailed and professional sound edit & design that complements the visuals to offer complete immersion.
5- Color Grading –Exceptional color grading with a customized look (LUT) tailored uniquely for your video.

Overall, my editing services are designed to help bring your content to life and showcase it in the best possible light. With a commitment to quality and attention to detail, you can expect a final video that exceeds your expectations.","Videography, Voice-Over, Film Production, Photography, Scriptwriting, Film Editing, Video Production, Cinematography, Video Editing, Film Direction, Documentary, Music & Sound Design, Music Video, Trailer, Promotional Video"
1924352822380384549,Shazmeen N.,Pakistan,Mirpur Khas,Asia,5.0,1.0,102.166666,3958.41,3,"Looking for a reliable YouTube Video Editor for short & long form content?
I help creators and brands turn raw footage into engaging, high-quality videos for YouTube, TikTok, and Instagram Reels—focused on clarity, retention, and visual impact.

I’m Shazmeen, a professional video editor with 5+ years of experience using Adobe Premiere Pro and After Effects. I specialize in YouTube video editing, short-form content, and custom After Effects templates designed to match your brand and audience.

What You’ll Get:

✔ Fast, friendly communication
✔ Clean, modern edits with professional color grading
✔ Unlimited revisions until you’re satisfied
✔ Quick turnaround & deadline-focused workflow
✔ Full support for urgent or ongoing projects

Services I Offer:

YouTube Video Editing (Short & Long Form)

TikTok & Instagram Reels Editing

Trimming, Cutting & Story Flow Improvement

Color Grading & Color Correction

Motion Graphics & Simple Animations

After Effects & Premiere Pro Template Editing

Sound Design & Audio Mixing

Text Animation, Subtitles & Captions

Thumbnail Design (+$10) | Source Files (+$5)

Let’s Work Together

Send me a message—I reply quickly and can start right away.

Bonus for new clients: Get a free sample edit to review quality before hiring.

Let’s create professional, scroll-stopping videos that help grow your channel.","Video Editing, YouTube Video, YouTube Shorts, Instagram Reels, Social Media Video, YouTube Automation, Video Animation, Video Editing & Production, Video Editing Plugin, Travel Video, AVS Video Editor, Video Ad, AI Video Generation, Dance Video, Video Design, Video Production, Video Editing Software"
1924352822380384549,Shazmeen N.,Pakistan,Mirpur Khas,Asia,5.0,1.0,102.166666,3958.41,3,"Looking for a reliable YouTube Video Editor for short & long form content?
I help creators and brands turn raw footage into engaging, high-quality videos for YouTube, TikTok, and Instagram Reels—focused on clarity, retention, and visual impact.

I’m Shazmeen, a professional video editor with 5+ years of experience using Adobe Premiere Pro and After Effects. I specialize in YouTube video editing, short-form content, and custom After Effects templates designed to match your brand and audience.

What You’ll Get:

✔ Fast, friendly communication
✔ Clean, modern edits with professional color grading
✔ Unlimited revisions until you’re satisfied
✔ Quick turnaround & deadline-focused workflow
✔ Full support for urgent or ongoing projects

Services I Offer:

YouTube Video Editing (Short & Long Form)

TikTok & Instagram Reels Editing

Trimming, Cutting & Story Flow Improvement

Color Grading & Color Correction

Motion Graphics & Simple Animations

After Effects & Premiere Pro Template Editing

Sound Design & Audio Mixing

Text Animation, Subtitles & Captions

Thumbnail Design (+$10) | Source Files (+$5)

Let’s Work Together

Send me a message—I reply quickly and can start right away.

Bonus for new clients: Get a free sample edit to review quality before hiring.

Let’s create professional, scroll-stopping videos that help grow your channel.","Video Editing, YouTube Video, YouTube Shorts, Instagram Reels, Social Media Video, YouTube Automation, Video Animation, Video Editing & Production, Video Editing Plugin, Travel Video, AVS Video Editor, Video Ad, AI Video Generation, Dance Video, Video Design, Video Production, Video Editing Software"
1947277983241267481,Nhu Thang D.,Vietnam,Thai Nguyen,Asia,15.0,1.0,13.000001,1779.65,0,"📌 Looking for videos that capture attention and keep viewers engaged?
✨ I help creators and brands transform raw footage into compelling content with smooth pacing, polished visuals, and engaging storytelling that keeps audiences hooked from beginning to end. 🔥

😌 𝐘𝐎𝐔 𝐁𝐑𝐈𝐍𝐆 𝐓𝐇𝐄 𝐕𝐈𝐒𝐈𝐎𝐍
🥰 𝐈 𝐓𝐀𝐊𝐄 𝐂𝐀𝐑𝐄 𝐎𝐅 𝐓𝐇𝐄 𝐑𝐄𝐒𝐓
😍 𝐁𝐄𝐂𝐀𝐔𝐒𝐄 𝐘𝐎𝐔𝐑 𝐒𝐀𝐓𝐈𝐒𝐅𝐀𝐂𝐓𝐈𝐎𝐍 𝐌𝐀𝐓𝐓𝐄𝐑𝐒 𝐓𝐎 𝐌𝐄

That’s the standard I follow with every client.

I’m not here simply to edit your footage and send back a finished file. My goal is to make the entire process easy, comfortable, and enjoyable—from the first conversation to the final delivery.

If you’re wondering what it’s actually like to work with me, take a look through my portfolio 👇

𝐖𝐇𝐀𝐓 𝐌𝐀𝐊𝐄𝐒 𝐖𝐎𝐑𝐊𝐈𝐍𝐆 𝐖𝐈𝐓𝐇 𝐌𝐄 𝐃𝐈𝐅𝐅𝐄𝐑𝐄𝐍𝐓? 🤔

❤️ 𝐂𝐋𝐈𝐄𝐍𝐓 𝐄𝐗𝐏𝐄𝐑𝐈𝐄𝐍𝐂𝐄 𝐂𝐎𝐌𝐄𝐒 𝐅𝐈𝐑𝐒𝐓 — I care about your comfort, communication, feedback, and overall experience throughout the project.

❤️ 𝐈 𝐈𝐍𝐕𝐄𝐒𝐓 𝐈𝐍𝐓𝐎 𝐌𝐘 𝐎𝐖𝐍 𝐖𝐎𝐑𝐊 — I’m willing to invest my own money in premium resources when they can genuinely improve the quality of your video.

❤️ 𝐅𝐋𝐄𝐗𝐈𝐁𝐋𝐄 𝐑𝐄𝐕𝐈𝐒𝐈𝐎𝐍𝐒 — Your first version is not automatically the final version. I’m happy to make the necessary adjustments until the video matches the direction we agreed on.

❤️ 𝐀 𝐑𝐈𝐒𝐊-𝐅𝐑𝐄𝐄 𝐀𝐏𝐏𝐑𝐎𝐀𝐂𝐇 — I’m confident enough in the experience I provide to offer a 100% money-back guarantee if I fail to deliver an excellent experience or cause you unnecessary inconvenience.

😮 𝐖𝐇𝐀𝐓 𝐈 𝐂𝐀𝐍 𝐁𝐑𝐈𝐍𝐆 𝐓𝐎 𝐘𝐎𝐔𝐑 𝐏𝐑𝐎𝐉𝐄𝐂𝐓 😮

❤️ 𝐕𝐄𝐑𝐒𝐀𝐓𝐈𝐋𝐄 𝐕𝐈𝐃𝐄𝐎 𝐄𝐃𝐈𝐓𝐈𝐍𝐆 — Whether you need Faceless Content, Documentaries, Sports Highlights, Celebrity Videos, Anime Content, Travel Videos, Real Estate Content, Educational Videos, or another format, I can adapt my editing approach to your project.

❤️ 𝐂𝐎𝐏𝐘𝐑𝐈𝐆𝐇𝐓-𝐒𝐀𝐅𝐄 𝐌𝐔𝐒𝐈𝐂 — I maintain my own personal music collection, giving me access to music options that can be used without constantly worrying about copyright problems.

❤️ 𝐏𝐑𝐄𝐌𝐈𝐔𝐌 𝐒𝐓𝐎𝐂𝐊 & 𝐒𝐎𝐔𝐍𝐃 𝐑𝐄𝐒𝐎𝐔𝐑𝐂𝐄𝐒 — I’ve invested in high-quality footage, sound effects, and other creative resources that can help your content feel more polished and engaging.

❤️ 𝐏𝐄𝐑𝐒𝐎𝐍𝐀𝐋 𝐂𝐋𝐈𝐄𝐍𝐓 𝐒𝐔𝐏𝐏𝐎𝐑𝐓 — You’re not just sending files to a freelancer and waiting for them to come back. I stay involved, listen to your feedback, and work with you throughout the process.


😍 𝐈 𝐖𝐀𝐍𝐓 𝐓𝐎 𝐔𝐍𝐃𝐄𝐑𝐒𝐓𝐀𝐍𝐃 𝐖𝐇𝐀𝐓 𝐘𝐎𝐔 𝐀𝐂𝐓𝐔𝐀𝐋𝐋𝐘 𝐖𝐀𝐍𝐓

Every client has a different vision.

Some know exactly what they want. Others only have a rough idea, a reference video, or a feeling they want the final video to have.

My job is to understand that direction and turn it into an edit that works.

𝐘𝐎𝐔𝐑 𝐓𝐈𝐌𝐄 𝐌𝐀𝐓𝐓𝐄𝐑𝐒.

I know that finding a reliable editor can take time, especially when you’re trying to build a long-term working relationship.

So rather than spending hours guessing whether someone is the right fit, take a look at my portfolio, reviews, and previous client experiences.

You’ll get a much clearer idea of what you can expect from working with me.","2D Animation, Video Post-Editing, Film & Video, Video Color Correction, Video Editing Software, Video Animation, AVS Video Editor, Video Advertising, Video Editing & Production, YouTube, Film Editing, Video Intro & Outro, Video Editing, Adobe Creative Cloud, Promotional Video"
1947277983241267481,Nhu Thang D.,Vietnam,Thai Nguyen,Asia,15.0,1.0,13.000001,1779.65,0,"📌 Looking for videos that capture attention and keep viewers engaged?
✨ I help creators and brands transform raw footage into compelling content with smooth pacing, polished visuals, and engaging storytelling that keeps audiences hooked from beginning to end. 🔥

😌 𝐘𝐎𝐔 𝐁𝐑𝐈𝐍𝐆 𝐓𝐇𝐄 𝐕𝐈𝐒𝐈𝐎𝐍
🥰 𝐈 𝐓𝐀𝐊𝐄 𝐂𝐀𝐑𝐄 𝐎𝐅 𝐓𝐇𝐄 𝐑𝐄𝐒𝐓
😍 𝐁𝐄𝐂𝐀𝐔𝐒𝐄 𝐘𝐎𝐔𝐑 𝐒𝐀𝐓𝐈𝐒𝐅𝐀𝐂𝐓𝐈𝐎𝐍 𝐌𝐀𝐓𝐓𝐄𝐑𝐒 𝐓𝐎 𝐌𝐄

That’s the standard I follow with every client.

I’m not here simply to edit your footage and send back a finished file. My goal is to make the entire process easy, comfortable, and enjoyable—from the first conversation to the final delivery.

If you’re wondering what it’s actually like to work with me, take a look through my portfolio 👇

𝐖𝐇𝐀𝐓 𝐌𝐀𝐊𝐄𝐒 𝐖𝐎𝐑𝐊𝐈𝐍𝐆 𝐖𝐈𝐓𝐇 𝐌𝐄 𝐃𝐈𝐅𝐅𝐄𝐑𝐄𝐍𝐓? 🤔

❤️ 𝐂𝐋𝐈𝐄𝐍𝐓 𝐄𝐗𝐏𝐄𝐑𝐈𝐄𝐍𝐂𝐄 𝐂𝐎𝐌𝐄𝐒 𝐅𝐈𝐑𝐒𝐓 — I care about your comfort, communication, feedback, and overall experience throughout the project.

❤️ 𝐈 𝐈𝐍𝐕𝐄𝐒𝐓 𝐈𝐍𝐓𝐎 𝐌𝐘 𝐎𝐖𝐍 𝐖𝐎𝐑𝐊 — I’m willing to invest my own money in premium resources when they can genuinely improve the quality of your video.

❤️ 𝐅𝐋𝐄𝐗𝐈𝐁𝐋𝐄 𝐑𝐄𝐕𝐈𝐒𝐈𝐎𝐍𝐒 — Your first version is not automatically the final version. I’m happy to make the necessary adjustments until the video matches the direction we agreed on.

❤️ 𝐀 𝐑𝐈𝐒𝐊-𝐅𝐑𝐄𝐄 𝐀𝐏𝐏𝐑𝐎𝐀𝐂𝐇 — I’m confident enough in the experience I provide to offer a 100% money-back guarantee if I fail to deliver an excellent experience or cause you unnecessary inconvenience.

😮 𝐖𝐇𝐀𝐓 𝐈 𝐂𝐀𝐍 𝐁𝐑𝐈𝐍𝐆 𝐓𝐎 𝐘𝐎𝐔𝐑 𝐏𝐑𝐎𝐉𝐄𝐂𝐓 😮

❤️ 𝐕𝐄𝐑𝐒𝐀𝐓𝐈𝐋𝐄 𝐕𝐈𝐃𝐄𝐎 𝐄𝐃𝐈𝐓𝐈𝐍𝐆 — Whether you need Faceless Content, Documentaries, Sports Highlights, Celebrity Videos, Anime Content, Travel Videos, Real Estate Content, Educational Videos, or another format, I can adapt my editing approach to your project.

❤️ 𝐂𝐎𝐏𝐘𝐑𝐈𝐆𝐇𝐓-𝐒𝐀𝐅𝐄 𝐌𝐔𝐒𝐈𝐂 — I maintain my own personal music collection, giving me access to music options that can be used without constantly worrying about copyright problems.

❤️ 𝐏𝐑𝐄𝐌𝐈𝐔𝐌 𝐒𝐓𝐎𝐂𝐊 & 𝐒𝐎𝐔𝐍𝐃 𝐑𝐄𝐒𝐎𝐔𝐑𝐂𝐄𝐒 — I’ve invested in high-quality footage, sound effects, and other creative resources that can help your content feel more polished and engaging.

❤️ 𝐏𝐄𝐑𝐒𝐎𝐍𝐀𝐋 𝐂𝐋𝐈𝐄𝐍𝐓 𝐒𝐔𝐏𝐏𝐎𝐑𝐓 — You’re not just sending files to a freelancer and waiting for them to come back. I stay involved, listen to your feedback, and work with you throughout the process.


😍 𝐈 𝐖𝐀𝐍𝐓 𝐓𝐎 𝐔𝐍𝐃𝐄𝐑𝐒𝐓𝐀𝐍𝐃 𝐖𝐇𝐀𝐓 𝐘𝐎𝐔 𝐀𝐂𝐓𝐔𝐀𝐋𝐋𝐘 𝐖𝐀𝐍𝐓

Every client has a different vision.

Some know exactly what they want. Others only have a rough idea, a reference video, or a feeling they want the final video to have.

My job is to understand that direction and turn it into an edit that works.

𝐘𝐎𝐔𝐑 𝐓𝐈𝐌𝐄 𝐌𝐀𝐓𝐓𝐄𝐑𝐒.

I know that finding a reliable editor can take time, especially when you’re trying to build a long-term working relationship.

So rather than spending hours guessing whether someone is the right fit, take a look at my portfolio, reviews, and previous client experiences.

You’ll get a much clearer idea of what you can expect from working with me.","2D Animation, Video Post-Editing, Film & Video, Video Color Correction, Video Editing Software, Video Animation, AVS Video Editor, Video Advertising, Video Editing & Production, YouTube, Film Editing, Video Intro & Outro, Video Editing, Adobe Creative Cloud, Promotional Video"
1513063186413932544,Anton P.,Ukraine,Poltava,Europe,21.0,1.0,646.666663,37523.62,3,"👋 Hi, I’m Anton — a Video Editor with 5+ years of experience in video editing, podcast editing, YouTube videos, social media content, ads, and business video production.

I help clients turn raw footage into clean, engaging, and professional videos that are ready for YouTube, TikTok, Instagram, Facebook, websites, courses, and paid ads.

🎬 As a Video Editor, I focus on clear storytelling, smooth pacing, clean audio, accurate captions, strong structure, and polished visuals. My goal is to make your video easy to watch, professional-looking, and effective for your audience.

I have completed 100+ successful video projects and always take every assignment seriously. I’m reliable, detail-oriented, and easy to work with.

🚀 I can help with different types of projects, including video production, TikTok video editor work, video animation, video spokesperson edits, and video sales letter / VSL editing.

🎙️ Podcast & YouTube Video Editor:

- Podcast episodes
- Talking head videos
- Interviews
- Educational videos
- Tutorials
- Vlogs
- Zoom recordings
- Long-form YouTube videos
- YouTube Shorts

📱 Social Media Video Editor:

- TikTok videos
- Instagram Reels
- Facebook videos
- YouTube Shorts
- UGC-style videos
- Testimonials
- Short-form ads
- Captioned vertical clips

📈 VSL / Ads Video Editor:

- Video Sales Letters
- Commercials
- Promo videos
- Product videos
- Business videos
- Explainer videos
- Real estate videos
- Webinar edits

🛠️ What I can do for your project:

- Cutting, trimming, and structuring raw footage
- Captions and subtitles
- Text animation
- Motion graphics
- Background music
- Sound effects
- Audio cleanup and noise reduction
- Audio leveling
- Color correction and color grading
- Green screen editing
- Zoom in/out effects
- Smooth transitions
- B-roll selection
- Format conversion for YouTube, TikTok, Instagram, Facebook, and other platforms

💻 Tools I use:

- Adobe Premiere Pro
- Adobe After Effects
- Adobe Audition
- CapCut
- Descript
- Canva / Photoshop when needed

⭐ Why work with me as your Video Editor?

I care about pacing, structure, viewer retention, clean sound, and visual consistency. I don’t just cut clips together — I help shape your footage into a video that feels clear, polished, and easy to watch.

Whether you need a long-form podcast Video Editor, a short-form social media Video Editor, or a business Video Editor for ads, VSLs, YouTube, and branded content, I’d be happy to help.

📩 Send me an invitation to your job, and let’s discuss your project.","Video Editing, Corporate Video, Adobe Premiere Pro, Adobe After Effects, Social Media Video, Audio Editing, Real Estate Video, Video Intro & Outro, Explainer Video, Short Video Ad, Video Advertising, Video Editing & Production, Video Production, Video Animation, Video Post-Editing, Podcast Editing, Podcast Production, Testimonial Video, YouTube Video, Video Sales Letter"
1513063186413932544,Anton P.,Ukraine,Poltava,Europe,21.0,1.0,646.666663,37523.62,3,"👋 Hi, I’m Anton — a Video Editor with 5+ years of experience in video editing, podcast editing, YouTube videos, social media content, ads, and business video production.

I help clients turn raw footage into clean, engaging, and professional videos that are ready for YouTube, TikTok, Instagram, Facebook, websites, courses, and paid ads.

🎬 As a Video Editor, I focus on clear storytelling, smooth pacing, clean audio, accurate captions, strong structure, and polished visuals. My goal is to make your video easy to watch, professional-looking, and effective for your audience.

I have completed 100+ successful video projects and always take every assignment seriously. I’m reliable, detail-oriented, and easy to work with.

🚀 I can help with different types of projects, including video production, TikTok video editor work, video animation, video spokesperson edits, and video sales letter / VSL editing.

🎙️ Podcast & YouTube Video Editor:

- Podcast episodes
- Talking head videos
- Interviews
- Educational videos
- Tutorials
- Vlogs
- Zoom recordings
- Long-form YouTube videos
- YouTube Shorts

📱 Social Media Video Editor:

- TikTok videos
- Instagram Reels
- Facebook videos
- YouTube Shorts
- UGC-style videos
- Testimonials
- Short-form ads
- Captioned vertical clips

📈 VSL / Ads Video Editor:

- Video Sales Letters
- Commercials
- Promo videos
- Product videos
- Business videos
- Explainer videos
- Real estate videos
- Webinar edits

🛠️ What I can do for your project:

- Cutting, trimming, and structuring raw footage
- Captions and subtitles
- Text animation
- Motion graphics
- Background music
- Sound effects
- Audio cleanup and noise reduction
- Audio leveling
- Color correction and color grading
- Green screen editing
- Zoom in/out effects
- Smooth transitions
- B-roll selection
- Format conversion for YouTube, TikTok, Instagram, Facebook, and other platforms

💻 Tools I use:

- Adobe Premiere Pro
- Adobe After Effects
- Adobe Audition
- CapCut
- Descript
- Canva / Photoshop when needed

⭐ Why work with me as your Video Editor?

I care about pacing, structure, viewer retention, clean sound, and visual consistency. I don’t just cut clips together — I help shape your footage into a video that feels clear, polished, and easy to watch.

Whether you need a long-form podcast Video Editor, a short-form social media Video Editor, or a business Video Editor for ads, VSLs, YouTube, and branded content, I’d be happy to help.

📩 Send me an invitation to your job, and let’s discuss your project.","Video Editing, Corporate Video, Adobe Premiere Pro, Adobe After Effects, Social Media Video, Audio Editing, Real Estate Video, Video Intro & Outro, Explainer Video, Short Video Ad, Video Advertising, Video Editing & Production, Video Production, Video Animation, Video Post-Editing, Podcast Editing, Podcast Production, Testimonial Video, YouTube Video, Video Sales Letter"
1752351733850071040,Sachintha K.,Sri Lanka,Galle,Asia,10.0,1.0,897.666681,13947.36,3,"✅ Welcome to My Video editing world. Let's Create Something Amazing!

✅Hello Everyone! Are you in need of captivating video content that not only tells a story but leaves a lasting impression? Look no further! I'm Sachintha Kavindu, your go-to video editing wizard ready to turn your raw footage into polished cinematic masterpieces.

⭐⭐⭐⭐⭐With 4 years of experience in the realm of video editing, I bring a passion for storytelling and an eye for detail to every project I undertake. Whether it's a promotional video for your business, a vlog, a wedding highlight reel, or anything in between, I am here to bring your vision to life.

🔴Here's what you can expect when working with me:

⁎ Professionalism: I take pride in delivering top-notch quality work on time, every time. Your
satisfaction is my utmost priority, and I am committed to exceeding your expectations.

⁎ Creative Expertise: From seamless transitions to stunning visual effects, I employ the latest
editing techniques to ensure your videos stand out from the crowd.

⁎Audio Mastery: Crystal-clear sound is just as important as striking visuals. I'll enhance your audio to ensure your message is heard loud and clear.

⁎ Collaborative Approach: Your input is invaluable. I welcome your ideas and feedback throughout the editing process to ensure the final product aligns perfectly with your vision.

⁎ Fast Turnaround: Need your video ASAP? No problem! I understand the importance of meeting
deadlines and will work efficiently to deliver results promptly.

Let's embark on this creative journey together and bring your ideas to life! Drop me a message, and let's discuss how we can make your video dreams a reality.

🔴Services Offered:

• Corporate Videos
• YouTube Content
• Social Media Videos
• Wedding Videos
• Event Highlights
• Documentaries
• Short Films
• Travel Videos
• Music Videos
• Product Videos
• Educational Videos
• Animation
• Interviews
• Real Estate Videos
• Sports Videos
• Fashion Videos
• Gaming Videos
• Health & Wellness Videos
• Food Videos
• Personal Projects

⁕ Creative Concept Development
⁕ Video Editing & Post-Production
⁕ Color Grading & Visual Enhancement
⁕ Motion Graphics & Animation
⁕ Stock Footage Curation
⁕ Sound Design & Audio Editing

✅Ready to elevate your video content?✅ Let's get started!","Video Editing, Video Post-Editing, 360-Degree Video Editing, Social Video Enhancement, Video Color Correction, Video Commercial, Video Editing & Production, Motion Graphics, Video Ad, Video Editing Plugin, Video Editing Software, Adobe Presenter Video Express, AVS Video Editor, Video Ad Campaign, Video Animation"
1752351733850071040,Sachintha K.,Sri Lanka,Galle,Asia,10.0,1.0,897.666681,13947.36,3,"✅ Welcome to My Video editing world. Let's Create Something Amazing!

✅Hello Everyone! Are you in need of captivating video content that not only tells a story but leaves a lasting impression? Look no further! I'm Sachintha Kavindu, your go-to video editing wizard ready to turn your raw footage into polished cinematic masterpieces.

⭐⭐⭐⭐⭐With 4 years of experience in the realm of video editing, I bring a passion for storytelling and an eye for detail to every project I undertake. Whether it's a promotional video for your business, a vlog, a wedding highlight reel, or anything in between, I am here to bring your vision to life.

🔴Here's what you can expect when working with me:

⁎ Professionalism: I take pride in delivering top-notch quality work on time, every time. Your
satisfaction is my utmost priority, and I am committed to exceeding your expectations.

⁎ Creative Expertise: From seamless transitions to stunning visual effects, I employ the latest
editing techniques to ensure your videos stand out from the crowd.

⁎Audio Mastery: Crystal-clear sound is just as important as striking visuals. I'll enhance your audio to ensure your message is heard loud and clear.

⁎ Collaborative Approach: Your input is invaluable. I welcome your ideas and feedback throughout the editing process to ensure the final product aligns perfectly with your vision.

⁎ Fast Turnaround: Need your video ASAP? No problem! I understand the importance of meeting
deadlines and will work efficiently to deliver results promptly.

Let's embark on this creative journey together and bring your ideas to life! Drop me a message, and let's discuss how we can make your video dreams a reality.

🔴Services Offered:

• Corporate Videos
• YouTube Content
• Social Media Videos
• Wedding Videos
• Event Highlights
• Documentaries
• Short Films
• Travel Videos
• Music Videos
• Product Videos
• Educational Videos
• Animation
• Interviews
• Real Estate Videos
• Sports Videos
• Fashion Videos
• Gaming Videos
• Health & Wellness Videos
• Food Videos
• Personal Projects

⁕ Creative Concept Development
⁕ Video Editing & Post-Production
⁕ Color Grading & Visual Enhancement
⁕ Motion Graphics & Animation
⁕ Stock Footage Curation
⁕ Sound Design & Audio Editing

✅Ready to elevate your video content?✅ Let's get started!","Video Editing, Video Post-Editing, 360-Degree Video Editing, Social Video Enhancement, Video Color Correction, Video Commercial, Video Editing & Production, Motion Graphics, Video Ad, Video Editing Plugin, Video Editing Software, Adobe Presenter Video Express, AVS Video Editor, Video Ad Campaign, Video Animation"
1776989555698253824,Javeria K.,Pakistan,Lahore,Asia,10.0,1.0,13.0,205.1,0,"Hi! I’m a professional video editor with 7+ years of experience specializing in fitness, lifestyle, UGC, Shorts, Reels, and YouTube content.

I’ve worked with creators and brands including Alley Football, Alley Wrestling, Suplex Center, Carly Stuart, Jason Stuart, and Erin Preece.

My work has helped creators reach 20M+ views and gain 6K+ subscribers. I also have experience with fitness content, UGC ads, captions, B-roll, dynamic text, sound design, and retention-focused editing.

If you’re looking for an editor who understands content and not just the software, feel free to DM me!
","Video Editing, Video Post-Editing"
1776989555698253824,Javeria K.,Pakistan,Lahore,Asia,10.0,1.0,13.0,205.1,0,"Hi! I’m a professional video editor with 7+ years of experience specializing in fitness, lifestyle, UGC, Shorts, Reels, and YouTube content.

I’ve worked with creators and brands including Alley Football, Alley Wrestling, Suplex Center, Carly Stuart, Jason Stuart, and Erin Preece.

My work has helped creators reach 20M+ views and gain 6K+ subscribers. I also have experience with fitness content, UGC ads, captions, B-roll, dynamic text, sound design, and retention-focused editing.

If you’re looking for an editor who understands content and not just the software, feel free to DM me!
","Video Editing, Video Post-Editing"
1688771447031582720,Christian Rovy P.,Philippines,Bustos,Asia,10.0,0.91935,4272.500016,41779.71,7,"I help brands, eCommerce businesses, and agencies create AI-powered ads that capture attention and drive results.

Using the latest AI tools alongside professional video editing, I produce high-converting ads for Meta, TikTok, Instagram Reels, YouTube Shorts, and other paid social campaigns. From AI-generated visuals and avatars to polished UGC-style ads, I handle the entire creative workflow.

With 4+ years of video editing experience and 80+ clients on Upwork, I know how to combine AI with proven direct-response editing techniques to create ads that perform.

⸻

🚀 What I Can Do For You

• AI-powered video ads for Meta, TikTok & YouTube
• AI-generated visuals, B-roll & product videos
• UGC-style ads and creator content
• HeyGen avatar videos & AI spokesperson content
• AI lip-sync and voiceover integration
• Product promos, VSLs & performance creatives
• Short-form ads optimized for conversions

⸻

🤖 AI Workflow & Tools

• Adobe Premiere Pro, CapCut, Photoshop, Canva Pro
• Seedance 2.0, OpenArt, Freepik AI
• HeyGen (AI avatars)
• ElevenLabs (AI voiceovers)
• Sync.so (AI lip-sync)
• Gemini (scripts & creative ideation)

⸻

✅ Why Work With Me

• End-to-end AI ad creation workflow
• Performance-focused editing for paid ads
• Fast turnaround and clear communication
• Unlimited revisions until you’re satisfied
• Trusted by 90+ Upwork clients","Video Editing, Video Cleanup, Video Commercial, Video Intro & Outro, Adobe After Effects, Adobe Premiere Pro, Video Advertising, Video Conversion, Video Editing & Production, Video Ad Campaign, Video Design"
1688771447031582720,Christian Rovy P.,Philippines,Bustos,Asia,10.0,0.91935,4272.500016,41779.71,7,"I help brands, eCommerce businesses, and agencies create AI-powered ads that capture attention and drive results.

Using the latest AI tools alongside professional video editing, I produce high-converting ads for Meta, TikTok, Instagram Reels, YouTube Shorts, and other paid social campaigns. From AI-generated visuals and avatars to polished UGC-style ads, I handle the entire creative workflow.

With 4+ years of video editing experience and 80+ clients on Upwork, I know how to combine AI with proven direct-response editing techniques to create ads that perform.

⸻

🚀 What I Can Do For You

• AI-powered video ads for Meta, TikTok & YouTube
• AI-generated visuals, B-roll & product videos
• UGC-style ads and creator content
• HeyGen avatar videos & AI spokesperson content
• AI lip-sync and voiceover integration
• Product promos, VSLs & performance creatives
• Short-form ads optimized for conversions

⸻

🤖 AI Workflow & Tools

• Adobe Premiere Pro, CapCut, Photoshop, Canva Pro
• Seedance 2.0, OpenArt, Freepik AI
• HeyGen (AI avatars)
• ElevenLabs (AI voiceovers)
• Sync.so (AI lip-sync)
• Gemini (scripts & creative ideation)

⸻

✅ Why Work With Me

• End-to-end AI ad creation workflow
• Performance-focused editing for paid ads
• Fast turnaround and clear communication
• Unlimited revisions until you’re satisfied
• Trusted by 90+ Upwork clients","Video Editing, Video Cleanup, Video Commercial, Video Intro & Outro, Adobe After Effects, Adobe Premiere Pro, Video Advertising, Video Conversion, Video Editing & Production, Video Ad Campaign, Video Design"
424245404837986304,Shiba Prasad D.,India,Bhubaneshwar,Asia,30.0,0.9089,5781.16669,0.0,44,"Pro Video Editor | Video Ad Editor | Motion Graphics | Instagram Reels Editor | Social Media & YouTube Specialist. 

Hello! I’m Shiba Prasad Das, a passionate and pro video editor specializing in video editing, motion graphics, and video advertising for brands, creators, and businesses around the world. I help transform raw footage into high-performing, story-driven, and visually captivating videos that boost engagement and conversions across all digital platforms.

I have mastered tools like Adobe Premiere Pro, Adobe After Effects, CapCut, and AVS Video Editor, enabling me to handle every aspect of video post-editing — from cutting and transitions to Color Grading, animation, and audio synchronization.

💡 Why Choose Me

With a deep understanding of storytelling, pacing, and visual flow, I ensure your videos connect emotionally and communicate effectively. Every frame is optimized for clarity, impact, and conversion — whether it’s a short video, a brand ad, or a motion graphics showcase.

I combine creativity with precision, ensuring quick turnaround, seamless revisions, and 100% satisfaction. Whether you need a 3D animated video editor, a fitness video editor, or a professional video editor for any niche, I’m here to deliver world-class results.

🎥 Let’s bring your vision to life — with engaging storytelling, impactful visuals, and powerful editing that makes your brand unforgettable.","Video Editing, AVS Video Editor, Adobe Premiere Pro, Adobe After Effects, Instagram Reels, YouTube Shorts, Short Video Ad, Motion Graphics, Video Advertising, Video Post-Editing, CapCut, YouTube Video, Video SEO, Short Video, Documentary Video"
424245404837986304,Shiba Prasad D.,India,Bhubaneshwar,Asia,30.0,0.9089,5781.16669,0.0,44,"Pro Video Editor | Video Ad Editor | Motion Graphics | Instagram Reels Editor | Social Media & YouTube Specialist. 

Hello! I’m Shiba Prasad Das, a passionate and pro video editor specializing in video editing, motion graphics, and video advertising for brands, creators, and businesses around the world. I help transform raw footage into high-performing, story-driven, and visually captivating videos that boost engagement and conversions across all digital platforms.

I have mastered tools like Adobe Premiere Pro, Adobe After Effects, CapCut, and AVS Video Editor, enabling me to handle every aspect of video post-editing — from cutting and transitions to Color Grading, animation, and audio synchronization.

💡 Why Choose Me

With a deep understanding of storytelling, pacing, and visual flow, I ensure your videos connect emotionally and communicate effectively. Every frame is optimized for clarity, impact, and conversion — whether it’s a short video, a brand ad, or a motion graphics showcase.

I combine creativity with precision, ensuring quick turnaround, seamless revisions, and 100% satisfaction. Whether you need a 3D animated video editor, a fitness video editor, or a professional video editor for any niche, I’m here to deliver world-class results.

🎥 Let’s bring your vision to life — with engaging storytelling, impactful visuals, and powerful editing that makes your brand unforgettable.","Video Editing, AVS Video Editor, Adobe Premiere Pro, Adobe After Effects, Instagram Reels, YouTube Shorts, Short Video Ad, Motion Graphics, Video Advertising, Video Post-Editing, CapCut, YouTube Video, Video SEO, Short Video, Documentary Video"
1896345408838586958,Lailiyatul A.,Indonesia,Malang,Asia,20.0,1.0,8.333333,0.0,0,"Skilled in Fusion node-based compositing (+ Adobe After Effects for complex VFX) 
                            ","Motion Graphics, DaVinci Resolve, Video Editing, Adobe Creative Suite, Motion Design"
1896345408838586958,Lailiyatul A.,Indonesia,Malang,Asia,20.0,1.0,8.333333,0.0,0,"Skilled in Fusion node-based compositing (+ Adobe After Effects for complex VFX) 
                            ","Motion Graphics, DaVinci Resolve, Video Editing, Adobe Creative Suite, Motion Design"
1380507980185481216,Muhammad H.,Pakistan,Dera Ghazi Khan,Asia,10.0,1.0,10.5,11272.39,0,"Are you looking for a High-Retention Video Editor to boost your Social Media growth?

As an expert in Video Editing and Post-Production, I specialize in creating viral content using Adobe Premiere Pro and After Effects. Whether you need high-energy Instagram Reels, YouTube Shorts, TikToks, or cinematic long-form videos, I deliver professional results designed to stop the scroll and keep viewers hooked.

I don’t just ""cut"" clips; I engineer videos for the Algorithm. My focus is on High-Resolution (4K/8K) editing, seamless transitions, and strategic storytelling that turns viewers into followers.

🔥 Why My Clients Rank on Top:

‣ Viral Formatting: Specialized in Instagram Reels, YouTube Shorts, and TikTok editing (Alex Hormozi & Ali Abdaal styles).

‣ Advanced Post-Production: Expert Color Grading, Sound Design, and Motion Graphics in Adobe Premiere Pro.

‣ High-Retention Edits: Dynamic captions, zoom-ins, and engagement-focused pacing.

‣ Cinematic Quality: Professional-grade visual assets for YouTube Channels, Podcasts, and Brand Ads.

✅ My Core Services:

‣ Social Media Video Editing: Viral Reels, Shorts, and TikToks.

‣ YouTube Content: Professional Vlogs, Documentary-style edits, and Tutorials.

‣ Commercial & Ads: High-converting Video Ads and Cinematic Brand Stories.

‣ Technical Excellence: Green Screen removal, Multi-cam syncing, and Audio Cleaning.

Your project deserves a Professional Video Editor who understands branding and digital marketing. Let’s take your content to the next level with High-End Post-Production.

Ready to dominate the search results? Click ""Invite"" to discuss your project!","Adobe After Effects, Video Editing, Video Editing & Production, Adobe Premiere Pro, YouTube Shorts, Instagram Reels, Short Video Ad, YouTube Video, TikTok Video, Cinematic Video, Video Editing Software, Video Editing Plugin, AVS Video Editor, 360-Degree Video Editing, Color Grading"
1380507980185481216,Muhammad H.,Pakistan,Dera Ghazi Khan,Asia,10.0,1.0,10.5,11272.39,0,"Are you looking for a High-Retention Video Editor to boost your Social Media growth?

As an expert in Video Editing and Post-Production, I specialize in creating viral content using Adobe Premiere Pro and After Effects. Whether you need high-energy Instagram Reels, YouTube Shorts, TikToks, or cinematic long-form videos, I deliver professional results designed to stop the scroll and keep viewers hooked.

I don’t just ""cut"" clips; I engineer videos for the Algorithm. My focus is on High-Resolution (4K/8K) editing, seamless transitions, and strategic storytelling that turns viewers into followers.

🔥 Why My Clients Rank on Top:

‣ Viral Formatting: Specialized in Instagram Reels, YouTube Shorts, and TikTok editing (Alex Hormozi & Ali Abdaal styles).

‣ Advanced Post-Production: Expert Color Grading, Sound Design, and Motion Graphics in Adobe Premiere Pro.

‣ High-Retention Edits: Dynamic captions, zoom-ins, and engagement-focused pacing.

‣ Cinematic Quality: Professional-grade visual assets for YouTube Channels, Podcasts, and Brand Ads.

✅ My Core Services:

‣ Social Media Video Editing: Viral Reels, Shorts, and TikToks.

‣ YouTube Content: Professional Vlogs, Documentary-style edits, and Tutorials.

‣ Commercial & Ads: High-converting Video Ads and Cinematic Brand Stories.

‣ Technical Excellence: Green Screen removal, Multi-cam syncing, and Audio Cleaning.

Your project deserves a Professional Video Editor who understands branding and digital marketing. Let’s take your content to the next level with High-End Post-Production.

Ready to dominate the search results? Click ""Invite"" to discuss your project!","Adobe After Effects, Video Editing, Video Editing & Production, Adobe Premiere Pro, YouTube Shorts, Instagram Reels, Short Video Ad, YouTube Video, TikTok Video, Cinematic Video, Video Editing Software, Video Editing Plugin, AVS Video Editor, 360-Degree Video Editing, Color Grading"
1232370941987364864,Austin Q.,United States,Nashville,Americas,32.5,0.0,214.500001,16367.83,11,"With a Bachelor's degree in Digital Storytelling, I have well-rounded skills that will qualify for almost any video project. I want to help my clients stand out from the crowd. Some of the programs I use include the Adobe Creative Suite, Blender, and Davinci Resolve. I have skills in video editing, motion graphics, visual effects, 3D modeling, audio editing, coloring, and more. I look forward to working with you!","3D Modeling, Color Grading, Video Editing, Animation, Adobe After Effects, Adobe Premiere Pro, Video Production, Adobe Creative Suite, Logo Animation, Video Intro & Outro, Music Video, Subtitles, Social Media Video"
1232370941987364864,Austin Q.,United States,Nashville,Americas,32.5,0.0,214.500001,16367.83,11,"With a Bachelor's degree in Digital Storytelling, I have well-rounded skills that will qualify for almost any video project. I want to help my clients stand out from the crowd. Some of the programs I use include the Adobe Creative Suite, Blender, and Davinci Resolve. I have skills in video editing, motion graphics, visual effects, 3D modeling, audio editing, coloring, and more. I look forward to working with you!","3D Modeling, Color Grading, Video Editing, Animation, Adobe After Effects, Adobe Premiere Pro, Video Production, Adobe Creative Suite, Logo Animation, Video Intro & Outro, Music Video, Subtitles, Social Media Video"
1543403225644384256,Jaliya H.,Sri Lanka,Embilipitiya,Asia,15.0,1.0,24.166666,17864.61,0,"Experienced video editor and motion designer with over 5 years in the industry and 1000+ completed projects. I specialize in crafting high-quality storytelling, engaging content, motion graphics, and video sales letters (VSLs) that cater to a diverse range of niches.

I am highly skilled in the Adobe Suite, especially Premiere Pro and After Effects. I also have experience working with AI-powered editing tools to enhance efficiency and creativity. 

Proud to maintain a 100% client satisfaction rate, I’m dedicated to crafting visually compelling content that captivates audiences. Let’s collaborate and create something extraordinary!","Animation, Adobe After Effects, Video Editing, Adobe Premiere Pro, Motion Graphics, Motion Design, CapCut, Video Sales Letter, Promotional Video, Instagram Reels, Marketing Video, YouTube Ads, YouTube Video, YouTube Shorts, Real Estate Video"
1543403225644384256,Jaliya H.,Sri Lanka,Embilipitiya,Asia,15.0,1.0,24.166666,17864.61,0,"Experienced video editor and motion designer with over 5 years in the industry and 1000+ completed projects. I specialize in crafting high-quality storytelling, engaging content, motion graphics, and video sales letters (VSLs) that cater to a diverse range of niches.

I am highly skilled in the Adobe Suite, especially Premiere Pro and After Effects. I also have experience working with AI-powered editing tools to enhance efficiency and creativity. 

Proud to maintain a 100% client satisfaction rate, I’m dedicated to crafting visually compelling content that captivates audiences. Let’s collaborate and create something extraordinary!","Animation, Adobe After Effects, Video Editing, Adobe Premiere Pro, Motion Graphics, Motion Design, CapCut, Video Sales Letter, Promotional Video, Instagram Reels, Marketing Video, YouTube Ads, YouTube Video, YouTube Shorts, Real Estate Video"
1970688352387601748,Saghar H.,Pakistan,Dera Ghazi Khan,Asia,5.0,1.0,0.0,135.0,0,"Hey there! 👋 I’m a professional YouTube video editor with over 4 years of experience in creating engaging, high quality, and audience-grabbing videos that help your channel grow 📈🔥
I specialize in transforming raw footage into eye-catching and story-driven content that keeps viewers hooked till the very end  💥 Whether you’re a vlogger, gamer, educator, or business owner, I’ll bring your ideas to life with professional editing that matches your brand and vision 💻
💡 What I Offer:
✅ Smooth & cinematic cuts ✂️
✅ Color correction & grading 🎨
✅ Motion graphics & transitions ⚡
✅ Sound design & background music 🎧
✅ Subtitles, captions & text animations ✍️
✅ Logo intros/outros & lower thirds 💫
✅ Fast delivery & unlimited revisions ⏱️
I work with Adobe Premiere Pro, After Effects, and DaVinci Resolve, ensuring top-tier quality and smooth performance every time 🧠💪
Your satisfaction is my top priority ❤️ I believe every frame should tell a story, every edit should add emotion, and every video should leave an impact 🎯✨
So if you’re looking for a creative, reliable, and detail-oriented editor to make your YouTube videos stand out   you’re in the right place! 🚀
Let’s work together to create something amazing! 🌟
📩 DM me today and let’s bring your vision to life 🎥","Video Editing, Video Editing & Production, YouTube Video, Adobe Premiere Pro, Adobe After Effects, Video Animation, Video Editing Software, 360-Degree Video Editing, AVS Video Editor, YouTube Shorts, Instagram Reels, YouTube Automation, YouTube Ads, Vlog, TikTok Video"
1970688352387601748,Saghar H.,Pakistan,Dera Ghazi Khan,Asia,5.0,1.0,0.0,135.0,0,"Hey there! 👋 I’m a professional YouTube video editor with over 4 years of experience in creating engaging, high quality, and audience-grabbing videos that help your channel grow 📈🔥
I specialize in transforming raw footage into eye-catching and story-driven content that keeps viewers hooked till the very end  💥 Whether you’re a vlogger, gamer, educator, or business owner, I’ll bring your ideas to life with professional editing that matches your brand and vision 💻
💡 What I Offer:
✅ Smooth & cinematic cuts ✂️
✅ Color correction & grading 🎨
✅ Motion graphics & transitions ⚡
✅ Sound design & background music 🎧
✅ Subtitles, captions & text animations ✍️
✅ Logo intros/outros & lower thirds 💫
✅ Fast delivery & unlimited revisions ⏱️
I work with Adobe Premiere Pro, After Effects, and DaVinci Resolve, ensuring top-tier quality and smooth performance every time 🧠💪
Your satisfaction is my top priority ❤️ I believe every frame should tell a story, every edit should add emotion, and every video should leave an impact 🎯✨
So if you’re looking for a creative, reliable, and detail-oriented editor to make your YouTube videos stand out   you’re in the right place! 🚀
Let’s work together to create something amazing! 🌟
📩 DM me today and let’s bring your vision to life 🎥","Video Editing, Video Editing & Production, YouTube Video, Adobe Premiere Pro, Adobe After Effects, Video Animation, Video Editing Software, 360-Degree Video Editing, AVS Video Editor, YouTube Shorts, Instagram Reels, YouTube Automation, YouTube Ads, Vlog, TikTok Video"
1835922168011058527,Hoa T.,Vietnam,Da Nang,Asia,12.0,1.0,6.000001,5047.54,3,"🎬 Looking for a video editor who delivers high-quality, engaging content on time, every time? You’re in the right place!

✨I turn raw footage into high-retention videos.
Whether you need fast-paced reels, deep-dive historical documentaries, or corporate explainers, I deliver polished content that keeps your audience watching.

🔥 Why Work With Me?

⭐ Proven Engagement: Edited projects that have crossed the 500,000+ views milestone.

⭐ Specialized Niches: Extensive experience in complex storytelling, including automotive history and period-accurate visual documentaries.

⭐ Next-Level Visuals: Pro color grading, sound design, and the use of AI generative tools to achieve cinematic, high-quality aesthetics.

🖥 My Tools: DaVinci Resolve, Premiere Pro, After Effects, and CapCut Pro.

⚡ The Workflow (Zero Headaches):
➡️Briefing: We lock in the style, requirements, and deadline.
➡️Milestones: You get regular updates and a draft for feedback.
➡️Final Polish: Delivered on time, color-graded, and ready to publish.

🎬 Ready to elevate your content?
📩 Drop me a message with your project idea, and let’s get started today!","Video Editing, Video Editing & Production, YouTube, TikTok, Instagram, Facebook, YouTube Shorts, YouTube Video, TikTok Marketing, TikTok Video, Audio Editing, AVS Video Editor, Adobe Premiere Pro, DaVinci Resolve, Vlog"
1835922168011058527,Hoa T.,Vietnam,Da Nang,Asia,12.0,1.0,6.000001,5047.54,3,"🎬 Looking for a video editor who delivers high-quality, engaging content on time, every time? You’re in the right place!

✨I turn raw footage into high-retention videos.
Whether you need fast-paced reels, deep-dive historical documentaries, or corporate explainers, I deliver polished content that keeps your audience watching.

🔥 Why Work With Me?

⭐ Proven Engagement: Edited projects that have crossed the 500,000+ views milestone.

⭐ Specialized Niches: Extensive experience in complex storytelling, including automotive history and period-accurate visual documentaries.

⭐ Next-Level Visuals: Pro color grading, sound design, and the use of AI generative tools to achieve cinematic, high-quality aesthetics.

🖥 My Tools: DaVinci Resolve, Premiere Pro, After Effects, and CapCut Pro.

⚡ The Workflow (Zero Headaches):
➡️Briefing: We lock in the style, requirements, and deadline.
➡️Milestones: You get regular updates and a draft for feedback.
➡️Final Polish: Delivered on time, color-graded, and ready to publish.

🎬 Ready to elevate your content?
📩 Drop me a message with your project idea, and let’s get started today!","Video Editing, Video Editing & Production, YouTube, TikTok, Instagram, Facebook, YouTube Shorts, YouTube Video, TikTok Marketing, TikTok Video, Audio Editing, AVS Video Editor, Adobe Premiere Pro, DaVinci Resolve, Vlog"
1806387728505122816,Wasilat  A.,Nigeria,Lagos Island,Africa,10.0,0.90245,4.0,1054.86,2,"Want videos that keep viewers watching, increase retention, and help grow your channel?

You're in the right place.

I specialize in YouTube Video Editing, YouTube Automation, Faceless Videos, Cash Cow Content, Shorts, Reels, TikTok Videos, and High-Retention Editing designed to help creators, brands, coaches, and businesses grow faster.

In today's competitive YouTube space, editing is more than cutting clips together. Every second matters. The right hook, pacing, storytelling, sound design, captions, and visuals can make the difference between a viewer clicking away and watching until the end.

That's where I come in.

🎯 WHAT I CAN HELP YOU WITH

✅ YouTube Video Editing (Long-Form & Short-Form)

✅ YouTube Automation Videos

✅ Faceless Cash Cow Videos

✅ Documentary-Style YouTube Videos

✅ Talking Head Videos

✅ TikTok, Instagram Reels & YouTube Shorts

✅ Motion Graphics & Animated Text

✅ Captions & Subtitles

✅ Sound Design & Audio Enhancement

✅ Color Correction & Color Grading

✅ B-Roll Research & Integration

✅ Viral Shorts Repurposing

✅ Thumbnail Guidance & Content Optimization

🔥 WHY CLIENTS WORK WITH ME

✔ High-Retention Editing That Keeps Viewers Watching

✔ Fast Turnaround Without Compromising Quality

✔ Clear Communication & Reliable Updates

✔ Attention to Detail in Every Project

✔ Content Optimized for Engagement and Watch Time

✔ Experience with Faceless, Documentary, Educational, Business, Celebrity, Finance, AI, Motivation, and Storytelling Content

✔ Long-Term Partnership Mindset

I don't just edit videos. I help create content that captures attention, delivers value, and encourages viewers to keep watching.

Whether you're launching a new channel, scaling a YouTube automation business, growing your personal brand, or creating content for social media, I can help turn your raw footage into professional, engaging videos that stand out.

🎬 SOFTWARE I USE

• Adobe Premiere Pro

• Adobe After Effects

• CapCut

• DaVinci Resolve

• Final Cut Pro

📈 MY GOAL

To help creators and businesses produce videos that increase watch time, improve audience retention, generate more engagement, and support channel growth.

If you're looking for a reliable YouTube Video Editor who understands retention, storytelling, and modern editing trends, send me a message.

Let's create content your audience won't scroll past.

YouTube Video Editor | YouTube Video Editing | YouTube Automation | YouTube Automation Specialist | Faceless Video Editor | Faceless YouTube Videos | Cash Cow Videos | Cash Cow Video Editor | High Retention Editing | High Retention Video Editor | YouTube Shorts Editor | Short Form Video Editor | Long Form Video Editor | Documentary Video Editor | Storytelling Video Editor | Social Media Video Editor | TikTok Video Editor | Instagram Reels Editor | Podcast Video Editor | Talking Head Video Editor | Motion Graphics | Video Production | Video Editing | Color Grading | Sound Design | Captioning | Adobe Premiere Pro | Adobe After Effects | DaVinci Resolve | CapCut | YouTube SEO | Thumbnail Design | B-Roll Editing | Viral Video Editing | Content Creator | YouTube Growth | YouTube Monetization | Script to Video | Automated YouTube Content | Celebrity Documentary Videos | AI Videos | Finance Videos | Educational Videos | Business Videos | Motivational Videos | History Videos | Crime Documentary Videos | Luxury Videos | Tech Videos
","Video Editing, Video Editing & Production, Video Editing Plugin, Video Editing Software, AVS Video Editor, 360-Degree Video Editing, YouTube Automation, Instagram Reels, Video Animation, Video Production, Short Video"
1806387728505122816,Wasilat  A.,Nigeria,Lagos Island,Africa,10.0,0.90245,4.0,1054.86,2,"Want videos that keep viewers watching, increase retention, and help grow your channel?

You're in the right place.

I specialize in YouTube Video Editing, YouTube Automation, Faceless Videos, Cash Cow Content, Shorts, Reels, TikTok Videos, and High-Retention Editing designed to help creators, brands, coaches, and businesses grow faster.

In today's competitive YouTube space, editing is more than cutting clips together. Every second matters. The right hook, pacing, storytelling, sound design, captions, and visuals can make the difference between a viewer clicking away and watching until the end.

That's where I come in.

🎯 WHAT I CAN HELP YOU WITH

✅ YouTube Video Editing (Long-Form & Short-Form)

✅ YouTube Automation Videos

✅ Faceless Cash Cow Videos

✅ Documentary-Style YouTube Videos

✅ Talking Head Videos

✅ TikTok, Instagram Reels & YouTube Shorts

✅ Motion Graphics & Animated Text

✅ Captions & Subtitles

✅ Sound Design & Audio Enhancement

✅ Color Correction & Color Grading

✅ B-Roll Research & Integration

✅ Viral Shorts Repurposing

✅ Thumbnail Guidance & Content Optimization

🔥 WHY CLIENTS WORK WITH ME

✔ High-Retention Editing That Keeps Viewers Watching

✔ Fast Turnaround Without Compromising Quality

✔ Clear Communication & Reliable Updates

✔ Attention to Detail in Every Project

✔ Content Optimized for Engagement and Watch Time

✔ Experience with Faceless, Documentary, Educational, Business, Celebrity, Finance, AI, Motivation, and Storytelling Content

✔ Long-Term Partnership Mindset

I don't just edit videos. I help create content that captures attention, delivers value, and encourages viewers to keep watching.

Whether you're launching a new channel, scaling a YouTube automation business, growing your personal brand, or creating content for social media, I can help turn your raw footage into professional, engaging videos that stand out.

🎬 SOFTWARE I USE

• Adobe Premiere Pro

• Adobe After Effects

• CapCut

• DaVinci Resolve

• Final Cut Pro

📈 MY GOAL

To help creators and businesses produce videos that increase watch time, improve audience retention, generate more engagement, and support channel growth.

If you're looking for a reliable YouTube Video Editor who understands retention, storytelling, and modern editing trends, send me a message.

Let's create content your audience won't scroll past.

YouTube Video Editor | YouTube Video Editing | YouTube Automation | YouTube Automation Specialist | Faceless Video Editor | Faceless YouTube Videos | Cash Cow Videos | Cash Cow Video Editor | High Retention Editing | High Retention Video Editor | YouTube Shorts Editor | Short Form Video Editor | Long Form Video Editor | Documentary Video Editor | Storytelling Video Editor | Social Media Video Editor | TikTok Video Editor | Instagram Reels Editor | Podcast Video Editor | Talking Head Video Editor | Motion Graphics | Video Production | Video Editing | Color Grading | Sound Design | Captioning | Adobe Premiere Pro | Adobe After Effects | DaVinci Resolve | CapCut | YouTube SEO | Thumbnail Design | B-Roll Editing | Viral Video Editing | Content Creator | YouTube Growth | YouTube Monetization | Script to Video | Automated YouTube Content | Celebrity Documentary Videos | AI Videos | Finance Videos | Educational Videos | Business Videos | Motivational Videos | History Videos | Crime Documentary Videos | Luxury Videos | Tech Videos
","Video Editing, Video Editing & Production, Video Editing Plugin, Video Editing Software, AVS Video Editor, 360-Degree Video Editing, YouTube Automation, Instagram Reels, Video Animation, Video Production, Short Video"
